{"stats":{"minecraft:broken":{"minecraft:iron_leggings":1,"minecraft:stone_axe":1,"minecraft:iron_sword":2,"aether:chainmail_gloves":1,"minecraft:stone_sword":1,"minecraft:leather_chestplate":1,"minecraft:shield":1},"minecraft:killed_by":{"minecraft:creeper":2,"minecraft:pillager":1,"undead_revamp2:bomber":1,"iceandfire:fire_dragon":2,"enemyexpansion:trollenraged":1,"minecraft:skeleton":1},"minecraft:used":{"sophisticatedbackpacks:copper_backpack":1,"born_in_chaos_v1:intoxicating_decoction":1,"minecraft:shield":128,"minecraft:iron_sword":626,"tombstone:lollipop":5,"ecologics:coconut_planks":50,"minecraft:tuff":3,"born_in_chaos_v1:corpse_maggot":1,"minecraft:lava_bucket":1,"minecraft:lantern":1,"minecraft:iron_helmet":2,"ecologics:walnut_planks":10,"minecraft:bow":11,"supplementaries:ash":12,"minecraft:cooked_cod":7,"minecraft:furnace":5,"minecraft:stone_pickaxe":88,"minecraft:oak_planks":31,"minecraft:wooden_pickaxe":3,"luminousworld:groundpebbles_1":2,"minecraft:golden_hoe":6,"iceandfire:armor_copper_metal_chestplate":1,"minecraft:bread":66,"minecraft:string":1,"tombstone:grave_key":6,"minecraft:gravel":12,"minecraft:golden_helmet":1,"minecraft:wooden_sword":1,"born_in_chaos_v1:river_mint":1,"minecraft:cooked_rabbit":1,"minecraft:chain":1,"minecraft:smooth_stone_slab":1,"minecraft:experience_bottle":1,"minecraft:stone_sword":161,"born_in_chaos_v1:ethereal_spirit":7,"minecraft:tropical_fish":1,"minecraft:spruce_planks":2,"minecraft:cooked_salmon":4,"minecraft:cooked_chicken":5,"minecraft:torch":395,"minecraft:dirt":10,"minecraft:spruce_stairs":1,"ecologics:coconut_door":25,"minecraft:dark_oak_planks":22,"minecraft:wooden_axe":18,"minecraft:iron_axe":142,"minecraft:iron_boots":1,"minecraft:goat_horn":1,"naturalist:bass_bucket":1,"tombstone:gift":5,"ecologics:coconut_seedling":1,"minecraft:cooked_beef":5,"minecraft:cobbled_deepslate":44,"minecraft:iron_leggings":2,"minecraft:wheat_seeds":25,"minecraft:water_bucket":50,"minecraft:birch_planks":22,"minecraft:bundle":1,"minecraft:birch_boat":5,"luminousworld:white_oak_plank":16,"luminousworld:ishstone":1,"minecraft:crafting_table":19,"iceandfire:armor_silver_metal_chestplate":1,"tombstone:bag_of_seeds":2,"minecraft:iron_pickaxe":538,"minecraft:tnt_minecart":1,"tombstone:magic_scroll":3,"minecraft:golden_leggings":2,"minecraft:stone_axe":130,"minecraft:cobblestone":87,"minecraft:potion":1,"minecraft:cooked_porkchop":2,"minecraft:bucket":52,"alexsmobs:animal_dictionary":1,"minecraft:chainmail_leggings":1},"minecraft:crafted":{"minecraft:oak_planks":80,"minecraft:birch_boat":1,"ecologics:walnut_planks":20,"iceandfire:armor_silver_metal_chestplate":1,"minecraft:bow":1,"minecraft:iron_boots":1,"iceandfire:armor_copper_metal_chestplate":1,"minecraft:crafting_table":3,"minecraft:wooden_pickaxe":1,"minecraft:copper_ingot":8,"minecraft:birch_planks":72,"minecraft:shield":2,"minecraft:stick":120,"minecraft:iron_ingot":65,"minecraft:iron_pickaxe":2,"minecraft:stone_sword":2,"minecraft:gold_ingot":15,"minecraft:cherry_planks":8,"minecraft:wooden_sword":1,"ecologics:coconut_planks":72,"minecraft:furnace":1,"ecologics:coconut_door":3,"minecraft:iron_axe":1,"luminousworld:white_oak_plank":36,"minecraft:stone_pickaxe":1,"minecraft:dark_oak_planks":20,"minecraft:wheat":99,"sophisticatedbackpacks:iron_backpack":1,"iceandfire:silver_ingot":8,"minecraft:iron_sword":2,"sophisticatedbackpacks:gold_backpack":1,"minecraft:stone_axe":2,"minecraft:bread":44,"minecraft:air":0,"minecraft:wooden_axe":1,"minecraft:torch":356},"minecraft:picked_up":{"minecraft:wheat":33,"illagerinvasion:platinum_chunk":1,"minecraft:chainmail_boots":3,"minecraft:anvil":1,"minecraft:potion":1,"minecraft:enchanted_book":2,"iceandfire:armor_silver_metal_chestplate":1,"born_in_chaos_v1:black_argillite":5,"iceandfire:manuscript":4,"minecraft:string":33,"minecraft:dark_oak_trapdoor":1,"minecraft:raw_copper":23,"minecraft:cooked_salmon":4,"minecraft:smooth_stone_slab":1,"minecraft:iron_leggings":1,"minecraft:experience_bottle":2,"minecraft:smooth_stone":1,"minecraft:tnt_minecart":1,"minecraft:gold_nugget":18,"minecraft:cobbled_deepslate":62,"minecraft:bucket":1,"minecraft:spruce_planks":6,"minecraft:cobblestone_slab":1,"minecraft:iron_pickaxe":1,"minecraft:coal_block":14,"minecraft:iron_boots":1,"minecraft:furnace":4,"minecraft:golden_helmet":1,"minecraft:stick":19,"artifacts:universal_attractor":1,"ecologics:walnut_log":5,"minecraft:torch":99,"ecologics:coconut_seedling":1,"minecraft:acacia_log":1,"minecraft:spruce_stairs":3,"minecraft:porkchop":2,"minecraft:cherry_log":2,"tombstone:grave_dust":34,"minecraft:diorite":8,"tombstone:lollipop":5,"minecraft:rotten_flesh":43,"supplementaries:antique_ink":1,"ecologics:coconut_log":18,"minecraft:iron_block":1,"quark:blossom_chest":1,"supplementaries:ash":24,"undead_revamp2:arapholia":1,"minecraft:cobblestone":210,"minecraft:birch_log":18,"ecologics:walnut_planks":8,"minecraft:leather_chestplate":1,"minecraft:feather":4,"minecraft:cooked_beef":5,"minecraft:andesite":13,"ecologics:coconut_planks":56,"minecraft:flint":11,"minecraft:tuff":4,"supplementaries:flax_seeds":1,"artifacts:pickaxe_heater":4,"minecraft:lapis_lazuli":115,"minecraft:dirt":22,"minecraft:lantern":1,"born_in_chaos_v1:monster_skin":5,"minecraft:bone":30,"minecraft:chipped_anvil":1,"minecraft:bow":3,"minecraft:wheat_seeds":103,"minecraft:raw_gold":18,"minecraft:oak_planks":5,"minecraft:cooked_porkchop":2,"naturalist:cattail_fluff":1,"minecraft:sand":3,"minecraft:trapped_chest":1,"minecraft:dark_oak_log":3,"undead_revamp2:heavytooth":2,"quark:jasper":1,"minecraft:bundle":3,"minecraft:diamond":10,"minecraft:granite":4,"minecraft:emerald":13,"minecraft:bread":12,"minecraft:oak_sapling":5,"born_in_chaos_v1:rotten_fish":1,"minecraft:dark_oak_fence":1,"iceandfire:raw_silver":9,"minecraft:crafting_table":23,"luminousworld:groundpebbles_1":4,"born_in_chaos_v1:diamond_termite_shard":11,"minecraft:chicken":5,"born_in_chaos_v1:river_mint":1,"minecraft:golden_pickaxe":1,"born_in_chaos_v1:charmof_resistance":2,"minecraft:cooked_rabbit":1,"minecraft:gold_block":1,"minecraft:diamond_horse_armor":1,"tombstone:scroll_of_preservation":2,"minecraft:chain":3,"born_in_chaos_v1:intoxicating_decoction":1,"iceandfire:bestiary":1,"minecraft:beef":5,"minecraft:spruce_slab":4,"minecraft:sugar_cane":5,"luminousworld:white_oak_plank":13,"minecraft:raw_iron":94,"ecologics:coconut_door":26,"luminousworld:beastiary":1,"born_in_chaos_v1:pieceofdarkmetal":13,"minecraft:dark_oak_planks":7,"minecraft:arrow":18,"iceandfire:sea_serpent_scales_purple":14,"minecraft:cooked_cod":9,"minecraft:golden_hoe":1,"minecraft:hay_block":11,"tombstone:essence_of_undeath":1,"minecraft:gold_ingot":80,"sophisticatedbackpacks:copper_backpack":1,"minecraft:bone_block":12,"born_in_chaos_v1:fused_bone":1,"born_in_chaos_v1:corpse_maggot":4,"iceandfire:sea_serpent_fang":8,"born_in_chaos_v1:monster_flesh":4,"luminousworld:ishstone":17,"minecraft:leather":3,"minecraft:birch_planks":4,"quark:smithing_template_rune":1,"minecraft:oak_log":57,"minecraft:lily_pad":3,"minecraft:gunpowder":14,"tombstone:gift":1,"minecraft:kelp":2,"minecraft:iron_ingot":73,"minecraft:cooked_chicken":5,"tombstone:bag_of_seeds":2,"minecraft:glass_bottle":4,"luminousworld:white_petunias":1,"minecraft:iron_sword":2,"minecraft:book":101,"iceandfire:copper_nugget":14,"minecraft:dark_oak_slab":1,"minecraft:birch_boat":5,"minecraft:pumpkin":3,"born_in_chaos_v1:ethereal_spirit":4,"minecraft:gravel":29,"minecraft:amethyst_shard":17,"minecraft:blast_furnace":2,"luminousworld:whiteoaklog":9,"minecraft:pumpkin_seeds":3,"minecraft:chainmail_leggings":2,"minecraft:iron_helmet":5,"tombstone:magic_scroll":2,"minecraft:coal":61},"minecraft:dropped":{"iceandfire:raw_silver":1,"minecraft:lapis_lazuli":4,"minecraft:oak_log":1,"minecraft:golden_pickaxe":1,"minecraft:glass_bottle":6,"luminousworld:white_petunias":1,"minecraft:crafting_table":4,"minecraft:dark_oak_slab":1,"born_in_chaos_v1:pieceofdarkmetal":1,"artifacts:universal_attractor":1,"minecraft:flint":8,"ecologics:walnut_planks":8,"born_in_chaos_v1:monster_flesh":4,"ecologics:coconut_door":2,"minecraft:dirt":12,"born_in_chaos_v1:monster_skin":5,"minecraft:dark_oak_fence":1,"minecraft:dark_oak_trapdoor":1,"minecraft:cooked_cod":2,"minecraft:chain":2,"minecraft:wooden_sword":1,"minecraft:gold_nugget":6,"minecraft:amethyst_shard":4,"minecraft:bone_block":12,"minecraft:iron_pickaxe":1,"tombstone:scroll_of_preservation":1,"minecraft:dark_oak_planks":1,"minecraft:bone":18,"minecraft:gravel":17,"luminousworld:white_oak_plank":12,"alexsmobs:animal_dictionary":1,"minecraft:cobbled_deepslate":12,"alexscaves:cave_tablet":7,"undead_revamp2:arapholia":1,"minecraft:rotten_flesh":35,"minecraft:oak_planks":7,"supplementaries:antique_ink":1,"quark:blossom_chest":1,"supplementaries:flax_seeds":1,"supplementaries:ash":12,"alexscaves:cave_book":1,"minecraft:gunpowder":14,"born_in_chaos_v1:corpse_maggot":1,"iceandfire:bestiary":1,"minecraft:chainmail_boots":2,"minecraft:arrow":7,"iceandfire:manuscript":6,"minecraft:enchanted_book":2,"minecraft:iron_ingot":1,"minecraft:bread":2,"minecraft:wheat_seeds":80,"luminousworld:ishstone":16,"mowziesmobs:foliaath_seed":2,"iceandfire:armor_copper_metal_chestplate":1,"minecraft:iron_helmet":3,"minecraft:cobblestone":19,"minecraft:book":29,"minecraft:granite":4,"minecraft:acacia_log":1,"minecraft:stick":17,"born_in_chaos_v1:black_argillite":5,"minecraft:diorite":8,"iceandfire:copper_nugget":14,"minecraft:torch":29,"minecraft:wooden_axe":1,"born_in_chaos_v1:fused_bone":1,"iceandfire:armor_silver_metal_chestplate":1,"tombstone:grave_dust":16,"minecraft:golden_hoe":2,"minecraft:lily_pad":3,"minecraft:chipped_anvil":1,"minecraft:smooth_stone":1,"quark:jasper":1,"minecraft:chainmail_leggings":2,"minecraft:string":28,"minecraft:trapped_chest":1,"minecraft:bucket":1,"ecologics:coconut_planks":56,"minecraft:kelp":2,"minecraft:raw_copper":6,"minecraft:cocoa_beans":1,"minecraft:tuff":1,"minecraft:raw_iron":23,"born_in_chaos_v1:rotten_fish":1,"minecraft:iron_boots":1,"naturalist:cattail_fluff":1,"minecraft:pumpkin_seeds":3,"minecraft:cobblestone_slab":1,"undead_revamp2:heavytooth":1,"minecraft:spruce_planks":4,"luminousworld:groundpebbles_1":2,"minecraft:andesite":13,"minecraft:oak_sapling":5,"artifacts:pickaxe_heater":2,"tombstone:essence_of_undeath":1,"minecraft:bow":1,"minecraft:stone_pickaxe":1,"minecraft:wooden_pickaxe":1,"minecraft:raw_gold":14},"minecraft:custom":{"minecraft:interact_with_crafting_table":37,"minecraft:open_barrel":37,"minecraft:eat_cake_slice":3,"minecraft:leave_game":10,"minecraft:time_since_death":3905,"minecraft:sprint_one_cm":656947,"minecraft:damage_blocked_by_shield":2809,"tombstone:eaten_lollipop":5,"minecraft:drop":193,"minecraft:talked_to_villager":2,"minecraft:play_time":290882,"minecraft:deaths":10,"minecraft:jump":4347,"minecraft:walk_on_water_one_cm":74002,"minecraft:interact_with_furnace":39,"minecraft:interact_with_cartography_table":1,"minecraft:interact_with_loom":2,"minecraft:sleep_in_bed":1,"minecraft:damage_dealt":42446,"minecraft:crouch_one_cm":30206,"tombstone:undead_killed":98,"minecraft:interact_with_smoker":2,"minecraft:interact_with_smithing_table":2,"minecraft:interact_with_anvil":2,"minecraft:mob_kills":182,"minecraft:interact_with_campfire":26,"minecraft:damage_dealt_resisted":1540,"minecraft:climb_one_cm":28026,"minecraft:walk_one_cm":772457,"minecraft:damage_dealt_absorbed":80,"minecraft:sneak_time":14601,"minecraft:walk_under_water_one_cm":69580,"minecraft:boat_one_cm":86699,"minecraft:interact_with_blast_furnace":10,"minecraft:total_world_time":290882,"tombstone:raider_killed":2,"minecraft:interact_with_grindstone":1,"minecraft:time_since_rest":3668,"minecraft:damage_taken":7390,"minecraft:trigger_trapped_chest":1,"tombstone:cast_on_ally":0,"minecraft:swim_one_cm":248871,"minecraft:fly_one_cm":827047,"minecraft:open_chest":46,"minecraft:fall_one_cm":86055},"minecraft:killed":{"born_in_chaos_v1:zombie_clown":1,"earthmobsmod:duck":1,"minecraft:cave_spider":2,"minecraft:witch":1,"born_in_chaos_v1:restless_spirit":2,"born_in_chaos_v1:zombie_lumberjack":2,"born_in_chaos_v1:skeleton_demoman":1,"minecraft:spider":2,"undead_revamp2:thesmoker":3,"born_in_chaos_v1:siamese_skeletonsright":1,"born_in_chaos_v1:baby_skeleton_minion":3,"minecraft:skeleton":15,"minecraft:chicken":4,"born_in_chaos_v1:skeleton_thrasher":1,"undead_revamp2:thespitter":1,"artifacts:mimic":3,"born_in_chaos_v1:bonescaller":1,"minecraft:pig":1,"born_in_chaos_v1:diamond_termite":12,"minecraft:iron_golem":1,"earthmobsmod:lobber_zombie":1,"undead_revamp2:theheavy":1,"minecraft:creeper":3,"undead_revamp2:thebidyupside":1,"minecraft:pillager":1,"minecraft:zombie":39,"born_in_chaos_v1:dread_hound":6,"born_in_chaos_v1:corpse_fly":2,"enemyexpansion:botfly":9,"iceandfire:sea_serpent":1,"born_in_chaos_v1:siamese_skeletonsleft":1,"enemyexpansion:wasp":1,"minecraft:cow":3,"born_in_chaos_v1:missioner":1,"undead_revamp2:thegliter":1,"enemyexpansion:intruder":1,"quark:toretoise":1,"undead_revamp2:bomber":1,"enemyexpansion:direwolf":3,"born_in_chaos_v1:zombie_bruiser":2,"born_in_chaos_v1:maggot":8,"luminousworld:swamp_skeleton":1,"iceandfire:dread_thrall":2,"minecraft:drowned":1,"born_in_chaos_v1:corpse_fish":2,"born_in_chaos_v1:barrel_zombie":2,"born_in_chaos_v1:baby_skeleton":2,"naturalist:butterfly":1,"undead_revamp2:the_moonflower":5,"enemyexpansion:sprinter":2,"born_in_chaos_v1:decrepit_skeleton":4,"born_in_chaos_v1:bloody_gadfly":1,"undead_revamp2:thesomnolence":3,"luminousworld:swamp_zombie":1,"iceandfire:ghost":1,"ecologics:squirrel":1,"enemyexpansion:huntsman":2,"minecraft:enderman":1},"minecraft:mined":{"undead_revamp2:arapholia":1,"minecraft:dark_oak_planks":8,"minecraft:spruce_planks":5,"iceandfire:copper_pile":1,"minecraft:granite":4,"minecraft:grass_block":3,"ecologics:coconut_leaves":1,"minecraft:coal_block":14,"minecraft:smooth_stone":1,"quark:blossom_chest":1,"minecraft:iron_ore":82,"minecraft:cobbled_deepslate":2,"minecraft:fire":1,"minecraft:pumpkin":3,"minecraft:anvil":1,"minecraft:deepslate_lapis_ore":1,"iceandfire:gold_pile":3,"ecologics:walnut_log":5,"minecraft:iron_block":1,"minecraft:spruce_slab":2,"minecraft:kelp_plant":1,"minecraft:powder_snow":11,"born_in_chaos_v1:infected_deepslate_diamond_ore":5,"minecraft:torch":8,"minecraft:blast_furnace":2,"minecraft:cobblestone":11,"minecraft:oak_planks":2,"minecraft:sugar_cane":2,"minecraft:wall_torch":4,"minecraft:dark_oak_slab":1,"minecraft:birch_log":17,"minecraft:wheat":25,"born_in_chaos_v1:river_mint":3,"minecraft:smooth_stone_slab":2,"minecraft:grass":29,"minecraft:oak_log":50,"minecraft:sand":1,"minecraft:dirt":15,"luminousworld:grassvariant_3":5,"born_in_chaos_v1:infernal_evil_pumpkin_s":1,"minecraft:deepslate":57,"minecraft:oak_leaves":3,"luminousworld:groundpebbles_1":1,"minecraft:tuff":4,"iceandfire:silver_ore":9,"luminousworld:grassvariant_4":2,"minecraft:deepslate_diamond_ore":8,"minecraft:dark_oak_log":3,"born_in_chaos_v1:infected_diamond_ore":1,"minecraft:dark_oak_fence":1,"born_in_chaos_v1:black_argillite":5,"luminousworld:grassvariant_2":13,"ecologics:coconut_door":23,"ecologics:coconut_log":18,"minecraft:spruce_leaves":5,"luminousworld:white_oak_plank":1,"minecraft:kelp":2,"quark:jasper":1,"minecraft:hay_block":11,"minecraft:furnace":4,"minecraft:andesite":16,"minecraft:gold_block":1,"minecraft:bookshelf":24,"minecraft:vine":2,"minecraft:cobblestone_slab":1,"minecraft:deepslate_iron_ore":50,"minecraft:stone":183,"minecraft:comparator":1,"quark:dark_oak_chest":1,"minecraft:crafting_table":19,"ecologics:walnut_leaves":1,"minecraft:copper_ore":2,"minecraft:tall_grass":6,"minecraft:deepslate_gold_ore":58,"minecraft:lapis_ore":17,"minecraft:diorite":8,"supplementaries:urn":35,"luminousworld:whiteoaklog":9,"minecraft:spruce_stairs":3,"minecraft:birch_planks":4,"minecraft:birch_leaves":2,"luminousworld:ishstone":18,"minecraft:coal_ore":39,"minecraft:cobweb":4,"minecraft:gold_ore":3,"minecraft:chipped_anvil":1}},"DataVersion":3465}