{"stats":{"minecraft:picked_up":{"luminousworld:groundpebbles_1":2,"minecraft:crafting_table":13,"minecraft:wheat":30,"illagerinvasion:platinum_chunk":1,"minecraft:chicken":5,"born_in_chaos_v1:river_mint":1,"minecraft:enchanted_book":1,"minecraft:chain":2,"minecraft:string":6,"minecraft:dark_oak_trapdoor":1,"minecraft:raw_copper":12,"minecraft:cooked_salmon":4,"minecraft:smooth_stone_slab":1,"minecraft:iron_leggings":1,"minecraft:experience_bottle":2,"iceandfire:bestiary":1,"minecraft:cobbled_deepslate":4,"minecraft:gold_nugget":18,"minecraft:spruce_planks":5,"minecraft:beef":5,"minecraft:cobblestone_slab":1,"minecraft:iron_pickaxe":1,"minecraft:spruce_slab":4,"minecraft:coal_block":14,"minecraft:sugar_cane":5,"luminousworld:white_oak_plank":1,"minecraft:furnace":4,"minecraft:stick":15,"minecraft:raw_iron":71,"ecologics:coconut_door":24,"ecologics:walnut_log":5,"minecraft:torch":33,"ecologics:coconut_seedling":1,"minecraft:spruce_stairs":3,"minecraft:porkchop":2,"tombstone:grave_dust":8,"tombstone:lollipop":3,"minecraft:dark_oak_planks":7,"minecraft:arrow":1,"minecraft:rotten_flesh":10,"minecraft:cooked_cod":9,"minecraft:golden_hoe":1,"supplementaries:antique_ink":1,"minecraft:hay_block":11,"ecologics:coconut_log":18,"minecraft:gold_ingot":7,"minecraft:iron_block":1,"supplementaries:ash":11,"undead_revamp2:arapholia":1,"minecraft:cobblestone":81,"minecraft:birch_log":6,"ecologics:walnut_planks":8,"born_in_chaos_v1:corpse_maggot":1,"minecraft:leather_chestplate":1,"minecraft:feather":4,"minecraft:cooked_beef":5,"born_in_chaos_v1:monster_flesh":1,"minecraft:andesite":1,"minecraft:leather":3,"minecraft:birch_planks":4,"minecraft:tuff":1,"minecraft:oak_log":11,"minecraft:gunpowder":2,"artifacts:pickaxe_heater":1,"minecraft:lapis_lazuli":68,"minecraft:dirt":16,"minecraft:lantern":1,"tombstone:gift":1,"born_in_chaos_v1:monster_skin":1,"minecraft:bone":8,"minecraft:kelp":2,"minecraft:wheat_seeds":98,"minecraft:raw_gold":4,"minecraft:iron_ingot":12,"minecraft:cooked_chicken":5,"minecraft:iron_sword":2,"minecraft:oak_planks":2,"minecraft:book":72,"iceandfire:copper_nugget":14,"minecraft:dark_oak_slab":1,"minecraft:cooked_porkchop":2,"minecraft:pumpkin":3,"born_in_chaos_v1:ethereal_spirit":1,"minecraft:blast_furnace":1,"undead_revamp2:heavytooth":1,"minecraft:dark_oak_log":3,"luminousworld:whiteoaklog":9,"quark:jasper":1,"minecraft:bundle":2,"minecraft:iron_helmet":2,"minecraft:emerald":4,"born_in_chaos_v1:rotten_fish":1,"minecraft:dark_oak_fence":1,"minecraft:coal":38,"iceandfire:raw_silver":8},"minecraft:custom":{"minecraft:mob_kills":59,"minecraft:interact_with_crafting_table":24,"minecraft:open_barrel":22,"minecraft:interact_with_campfire":26,"minecraft:eat_cake_slice":3,"minecraft:damage_dealt_resisted":598,"minecraft:leave_game":6,"minecraft:time_since_death":6765,"minecraft:climb_one_cm":25378,"minecraft:sprint_one_cm":267943,"minecraft:walk_one_cm":389843,"minecraft:damage_blocked_by_shield":815,"minecraft:drop":67,"tombstone:eaten_lollipop":3,"minecraft:damage_dealt_absorbed":80,"minecraft:talked_to_villager":2,"minecraft:play_time":135863,"minecraft:sneak_time":8824,"minecraft:deaths":5,"minecraft:walk_under_water_one_cm":54372,"minecraft:jump":1907,"minecraft:interact_with_blast_furnace":10,"minecraft:walk_on_water_one_cm":25704,"minecraft:total_world_time":135863,"minecraft:interact_with_furnace":37,"tombstone:raider_killed":1,"minecraft:sleep_in_bed":1,"minecraft:time_since_rest":6438,"minecraft:damage_taken":3036,"minecraft:damage_dealt":14875,"minecraft:swim_one_cm":179552,"minecraft:open_chest":25,"minecraft:fly_one_cm":462230,"minecraft:crouch_one_cm":18352,"tombstone:undead_killed":26,"minecraft:fall_one_cm":39683},"minecraft:broken":{"minecraft:stone_sword":1,"minecraft:leather_chestplate":1,"minecraft:stone_axe":1},"minecraft:used":{"minecraft:stone_sword":161,"born_in_chaos_v1:ethereal_spirit":7,"minecraft:tropical_fish":1,"minecraft:spruce_planks":1,"minecraft:shield":41,"minecraft:iron_sword":150,"tombstone:lollipop":3,"minecraft:cooked_salmon":4,"minecraft:cooked_chicken":5,"ecologics:coconut_planks":19,"minecraft:torch":133,"minecraft:dirt":10,"minecraft:spruce_stairs":1,"ecologics:coconut_door":25,"minecraft:dark_oak_planks":22,"minecraft:wooden_axe":18,"born_in_chaos_v1:corpse_maggot":1,"minecraft:lantern":1,"minecraft:iron_axe":27,"minecraft:iron_helmet":1,"ecologics:walnut_planks":10,"minecraft:cooked_cod":7,"supplementaries:ash":3,"minecraft:goat_horn":1,"minecraft:furnace":5,"tombstone:gift":4,"minecraft:cooked_beef":5,"ecologics:coconut_seedling":1,"minecraft:cobbled_deepslate":1,"minecraft:iron_leggings":2,"minecraft:wheat_seeds":25,"minecraft:water_bucket":20,"minecraft:birch_planks":22,"minecraft:stone_pickaxe":88,"minecraft:oak_planks":26,"minecraft:wooden_pickaxe":3,"luminousworld:white_oak_plank":16,"minecraft:golden_hoe":6,"minecraft:crafting_table":10,"iceandfire:armor_copper_metal_chestplate":1,"minecraft:iron_pickaxe":170,"minecraft:bread":2,"tombstone:grave_key":1,"minecraft:golden_leggings":2,"minecraft:golden_helmet":1,"minecraft:stone_axe":130,"minecraft:wooden_sword":1,"minecraft:cobblestone":23,"born_in_chaos_v1:river_mint":1,"minecraft:cooked_porkchop":2,"minecraft:bucket":20,"minecraft:chain":1,"minecraft:smooth_stone_slab":1,"alexsmobs:animal_dictionary":1,"minecraft:experience_bottle":1},"minecraft:dropped":{"minecraft:iron_ingot":1,"minecraft:enchanted_book":1,"minecraft:bread":1,"minecraft:wheat_seeds":72,"minecraft:lapis_lazuli":4,"minecraft:crafting_table":1,"iceandfire:armor_copper_metal_chestplate":1,"minecraft:dark_oak_slab":1,"minecraft:iron_helmet":1,"minecraft:stick":15,"minecraft:flint":8,"ecologics:walnut_planks":8,"born_in_chaos_v1:monster_flesh":1,"minecraft:dirt":6,"minecraft:dark_oak_fence":1,"born_in_chaos_v1:monster_skin":1,"iceandfire:copper_nugget":14,"minecraft:dark_oak_trapdoor":1,"minecraft:wooden_axe":1,"minecraft:cooked_cod":2,"minecraft:chain":1,"minecraft:wooden_sword":1,"minecraft:gold_nugget":6,"minecraft:golden_hoe":2,"minecraft:iron_pickaxe":1,"quark:jasper":1,"minecraft:string":1,"minecraft:dark_oak_planks":1,"minecraft:bone":9,"minecraft:kelp":2,"minecraft:cobbled_deepslate":3,"minecraft:raw_copper":2,"minecraft:tuff":1,"undead_revamp2:arapholia":1,"born_in_chaos_v1:rotten_fish":1,"minecraft:rotten_flesh":8,"minecraft:oak_planks":1,"supplementaries:antique_ink":1,"supplementaries:ash":8,"minecraft:cobblestone_slab":1,"minecraft:spruce_planks":4,"luminousworld:groundpebbles_1":2,"minecraft:andesite":1,"iceandfire:bestiary":1,"minecraft:arrow":1,"minecraft:stone_pickaxe":1,"minecraft:wooden_pickaxe":1,"iceandfire:manuscript":1},"minecraft:killed":{"earthmobsmod:duck":1,"undead_revamp2:thegliter":1,"born_in_chaos_v1:restless_spirit":1,"undead_revamp2:thesmoker":2,"undead_revamp2:bomber":1,"enemyexpansion:direwolf":3,"minecraft:skeleton":3,"born_in_chaos_v1:maggot":1,"iceandfire:dread_thrall":2,"minecraft:chicken":4,"born_in_chaos_v1:corpse_fish":2,"minecraft:drowned":1,"undead_revamp2:thespitter":1,"artifacts:mimic":1,"minecraft:pig":1,"born_in_chaos_v1:baby_skeleton":1,"naturalist:butterfly":1,"minecraft:iron_golem":1,"undead_revamp2:theheavy":1,"minecraft:creeper":1,"born_in_chaos_v1:decrepit_skeleton":1,"born_in_chaos_v1:bloody_gadfly":1,"minecraft:pillager":1,"minecraft:zombie":11,"born_in_chaos_v1:dread_hound":2,"iceandfire:ghost":1,"ecologics:squirrel":1,"enemyexpansion:botfly":7,"minecraft:cow":3},"minecraft:killed_by":{"minecraft:creeper":2,"minecraft:pillager":1,"minecraft:skeleton":1},"minecraft:mined":{"undead_revamp2:arapholia":1,"minecraft:dark_oak_planks":8,"luminousworld:groundpebbles_1":1,"minecraft:tuff":1,"minecraft:spruce_planks":3,"iceandfire:silver_ore":8,"luminousworld:grassvariant_4":1,"iceandfire:copper_pile":1,"minecraft:dark_oak_log":3,"minecraft:dark_oak_fence":1,"minecraft:grass_block":2,"ecologics:coconut_leaves":1,"luminousworld:grassvariant_2":10,"minecraft:coal_block":14,"ecologics:coconut_door":23,"ecologics:coconut_log":18,"luminousworld:white_oak_plank":1,"minecraft:kelp":2,"quark:jasper":1,"minecraft:hay_block":11,"minecraft:furnace":4,"minecraft:iron_ore":61,"minecraft:andesite":1,"minecraft:pumpkin":3,"minecraft:deepslate_lapis_ore":1,"minecraft:bookshelf":24,"iceandfire:gold_pile":3,"minecraft:cobblestone_slab":1,"minecraft:deepslate_iron_ore":18,"ecologics:walnut_log":5,"minecraft:stone":72,"minecraft:iron_block":1,"minecraft:spruce_slab":2,"minecraft:comparator":1,"minecraft:kelp_plant":1,"quark:dark_oak_chest":1,"minecraft:powder_snow":11,"minecraft:crafting_table":12,"minecraft:torch":3,"minecraft:blast_furnace":1,"ecologics:walnut_leaves":1,"minecraft:copper_ore":2,"minecraft:tall_grass":2,"minecraft:cobblestone":2,"minecraft:deepslate_gold_ore":5,"minecraft:lapis_ore":9,"minecraft:oak_planks":2,"minecraft:sugar_cane":2,"minecraft:wall_torch":1,"supplementaries:urn":18,"luminousworld:whiteoaklog":9,"minecraft:spruce_stairs":3,"minecraft:birch_planks":4,"minecraft:dark_oak_slab":1,"minecraft:birch_log":6,"minecraft:wheat":25,"minecraft:birch_leaves":2,"born_in_chaos_v1:river_mint":3,"minecraft:smooth_stone_slab":1,"minecraft:grass":24,"minecraft:oak_log":11,"minecraft:coal_ore":38,"luminousworld:ishstone":1,"minecraft:dirt":9,"luminousworld:grassvariant_3":5,"minecraft:cobweb":1,"born_in_chaos_v1:infernal_evil_pumpkin_s":1,"minecraft:deepslate":7,"minecraft:oak_leaves":1},"minecraft:crafted":{"minecraft:wooden_sword":1,"minecraft:oak_planks":44,"ecologics:coconut_planks":72,"ecologics:walnut_planks":20,"minecraft:furnace":1,"ecologics:coconut_door":3,"iceandfire:armor_silver_metal_chestplate":1,"minecraft:iron_boots":1,"minecraft:iron_axe":1,"luminousworld:white_oak_plank":36,"minecraft:stone_pickaxe":1,"iceandfire:armor_copper_metal_chestplate":1,"minecraft:dark_oak_planks":20,"minecraft:wheat":99,"iceandfire:silver_ingot":8,"minecraft:crafting_table":1,"minecraft:wooden_pickaxe":1,"minecraft:copper_ingot":8,"minecraft:birch_planks":24,"minecraft:stone_axe":2,"minecraft:bread":34,"minecraft:air":0,"minecraft:shield":1,"minecraft:stick":52,"minecraft:iron_ingot":65,"minecraft:iron_pickaxe":1,"minecraft:wooden_axe":1,"minecraft:stone_sword":2,"minecraft:gold_ingot":6,"minecraft:torch":132}},"DataVersion":3465}