{"stats":{"minecraft:picked_up":{"minecraft:wheat":30,"illagerinvasion:platinum_chunk":1,"minecraft:chainmail_boots":2,"minecraft:enchanted_book":1,"minecraft:potion":1,"minecraft:string":21,"minecraft:dark_oak_trapdoor":1,"minecraft:raw_copper":12,"minecraft:cooked_salmon":4,"minecraft:smooth_stone_slab":1,"minecraft:iron_leggings":1,"minecraft:experience_bottle":2,"minecraft:gold_nugget":18,"minecraft:cobbled_deepslate":6,"minecraft:spruce_planks":5,"minecraft:cobblestone_slab":1,"minecraft:iron_pickaxe":1,"minecraft:coal_block":14,"minecraft:furnace":4,"minecraft:stick":15,"ecologics:walnut_log":5,"minecraft:torch":34,"ecologics:coconut_seedling":1,"minecraft:spruce_stairs":3,"minecraft:porkchop":2,"tombstone:grave_dust":12,"tombstone:lollipop":4,"minecraft:rotten_flesh":12,"ecologics:coconut_log":18,"supplementaries:antique_ink":1,"minecraft:iron_block":1,"supplementaries:ash":19,"undead_revamp2:arapholia":1,"minecraft:cobblestone":98,"minecraft:birch_log":6,"ecologics:walnut_planks":8,"minecraft:leather_chestplate":1,"minecraft:feather":4,"minecraft:cooked_beef":5,"minecraft:andesite":1,"minecraft:tuff":2,"artifacts:pickaxe_heater":1,"minecraft:lapis_lazuli":68,"minecraft:dirt":16,"minecraft:lantern":1,"born_in_chaos_v1:monster_skin":1,"minecraft:bone":10,"minecraft:wheat_seeds":98,"minecraft:raw_gold":12,"minecraft:oak_planks":2,"minecraft:cooked_porkchop":2,"minecraft:dark_oak_log":3,"undead_revamp2:heavytooth":1,"quark:jasper":1,"minecraft:bundle":3,"minecraft:emerald":4,"minecraft:bread":10,"born_in_chaos_v1:rotten_fish":1,"minecraft:dark_oak_fence":1,"iceandfire:raw_silver":8,"born_in_chaos_v1:diamond_termite_shard":2,"luminousworld:groundpebbles_1":2,"minecraft:crafting_table":14,"minecraft:chicken":5,"born_in_chaos_v1:river_mint":1,"minecraft:chain":2,"iceandfire:bestiary":1,"minecraft:beef":5,"minecraft:spruce_slab":4,"minecraft:sugar_cane":5,"luminousworld:white_oak_plank":1,"minecraft:raw_iron":71,"ecologics:coconut_door":24,"minecraft:dark_oak_planks":7,"minecraft:arrow":4,"minecraft:cooked_cod":9,"minecraft:golden_hoe":1,"minecraft:hay_block":11,"minecraft:gold_ingot":21,"tombstone:essence_of_undeath":1,"born_in_chaos_v1:corpse_maggot":1,"born_in_chaos_v1:monster_flesh":1,"minecraft:leather":3,"minecraft:birch_planks":4,"minecraft:oak_log":11,"minecraft:gunpowder":7,"tombstone:gift":1,"minecraft:kelp":2,"minecraft:iron_ingot":12,"minecraft:cooked_chicken":5,"minecraft:iron_sword":2,"minecraft:book":91,"iceandfire:copper_nugget":14,"minecraft:dark_oak_slab":1,"minecraft:pumpkin":3,"born_in_chaos_v1:ethereal_spirit":1,"minecraft:blast_furnace":1,"luminousworld:whiteoaklog":9,"minecraft:iron_helmet":4,"minecraft:coal":58},"minecraft:custom":{"minecraft:interact_with_crafting_table":29,"minecraft:open_barrel":23,"minecraft:eat_cake_slice":3,"minecraft:leave_game":6,"minecraft:time_since_death":18765,"minecraft:sprint_one_cm":289673,"minecraft:damage_blocked_by_shield":1385,"minecraft:drop":84,"tombstone:eaten_lollipop":4,"minecraft:talked_to_villager":2,"minecraft:play_time":147863,"minecraft:deaths":5,"minecraft:jump":2106,"minecraft:walk_on_water_one_cm":36778,"minecraft:interact_with_furnace":37,"minecraft:interact_with_loom":2,"minecraft:sleep_in_bed":1,"minecraft:damage_dealt":19809,"minecraft:crouch_one_cm":20161,"tombstone:undead_killed":40,"minecraft:mob_kills":83,"minecraft:interact_with_campfire":26,"minecraft:damage_dealt_resisted":667,"minecraft:climb_one_cm":25378,"minecraft:walk_one_cm":425721,"minecraft:damage_dealt_absorbed":80,"minecraft:sneak_time":9871,"minecraft:walk_under_water_one_cm":54624,"minecraft:interact_with_blast_furnace":10,"minecraft:total_world_time":147863,"tombstone:raider_killed":2,"minecraft:interact_with_grindstone":1,"minecraft:time_since_rest":18438,"minecraft:damage_taken":3701,"minecraft:swim_one_cm":179552,"minecraft:fly_one_cm":488358,"minecraft:open_chest":25,"minecraft:fall_one_cm":43528},"minecraft:broken":{"minecraft:stone_axe":1,"minecraft:iron_sword":1,"minecraft:stone_sword":1,"minecraft:leather_chestplate":1},"minecraft:used":{"minecraft:shield":66,"minecraft:iron_sword":243,"tombstone:lollipop":4,"ecologics:coconut_planks":19,"born_in_chaos_v1:corpse_maggot":1,"minecraft:lava_bucket":1,"minecraft:lantern":1,"minecraft:iron_helmet":1,"ecologics:walnut_planks":10,"supplementaries:ash":7,"minecraft:furnace":5,"minecraft:cooked_cod":7,"minecraft:stone_pickaxe":88,"minecraft:oak_planks":26,"minecraft:wooden_pickaxe":3,"minecraft:golden_hoe":6,"iceandfire:armor_copper_metal_chestplate":1,"minecraft:bread":10,"tombstone:grave_key":1,"minecraft:golden_helmet":1,"minecraft:wooden_sword":1,"born_in_chaos_v1:river_mint":1,"minecraft:chain":1,"minecraft:smooth_stone_slab":1,"minecraft:experience_bottle":1,"minecraft:stone_sword":161,"born_in_chaos_v1:ethereal_spirit":7,"minecraft:tropical_fish":1,"minecraft:spruce_planks":1,"minecraft:cooked_salmon":4,"minecraft:cooked_chicken":5,"minecraft:torch":164,"minecraft:dirt":10,"minecraft:spruce_stairs":1,"ecologics:coconut_door":25,"minecraft:wooden_axe":18,"minecraft:dark_oak_planks":22,"minecraft:iron_axe":29,"minecraft:goat_horn":1,"tombstone:gift":4,"ecologics:coconut_seedling":1,"minecraft:cooked_beef":5,"minecraft:cobbled_deepslate":3,"minecraft:iron_leggings":2,"minecraft:wheat_seeds":25,"minecraft:water_bucket":28,"minecraft:birch_planks":22,"luminousworld:white_oak_plank":16,"minecraft:crafting_table":11,"minecraft:iron_pickaxe":187,"minecraft:golden_leggings":2,"minecraft:stone_axe":130,"minecraft:cobblestone":48,"minecraft:potion":1,"minecraft:cooked_porkchop":2,"minecraft:bucket":29,"alexsmobs:animal_dictionary":1},"minecraft:dropped":{"minecraft:lapis_lazuli":4,"minecraft:glass_bottle":1,"minecraft:crafting_table":1,"minecraft:dark_oak_slab":1,"minecraft:flint":8,"ecologics:walnut_planks":8,"born_in_chaos_v1:monster_flesh":1,"minecraft:dirt":6,"born_in_chaos_v1:monster_skin":1,"minecraft:dark_oak_fence":1,"minecraft:dark_oak_trapdoor":1,"minecraft:cooked_cod":2,"minecraft:chain":1,"minecraft:gold_nugget":6,"minecraft:wooden_sword":1,"minecraft:iron_pickaxe":1,"minecraft:dark_oak_planks":1,"minecraft:bone":11,"minecraft:cobbled_deepslate":3,"alexscaves:cave_tablet":7,"undead_revamp2:arapholia":1,"minecraft:rotten_flesh":10,"minecraft:oak_planks":1,"supplementaries:antique_ink":1,"supplementaries:ash":12,"minecraft:gunpowder":3,"iceandfire:bestiary":1,"minecraft:chainmail_boots":2,"minecraft:arrow":2,"iceandfire:manuscript":1,"minecraft:enchanted_book":1,"minecraft:iron_ingot":1,"minecraft:bread":1,"minecraft:wheat_seeds":72,"minecraft:iron_helmet":2,"iceandfire:armor_copper_metal_chestplate":1,"minecraft:cobblestone":16,"minecraft:book":19,"minecraft:stick":15,"iceandfire:copper_nugget":14,"minecraft:wooden_axe":1,"minecraft:golden_hoe":2,"quark:jasper":1,"minecraft:string":17,"minecraft:kelp":2,"minecraft:raw_copper":2,"minecraft:tuff":1,"born_in_chaos_v1:rotten_fish":1,"minecraft:cobblestone_slab":1,"minecraft:spruce_planks":4,"luminousworld:groundpebbles_1":2,"minecraft:andesite":1,"tombstone:essence_of_undeath":1,"minecraft:stone_pickaxe":1,"minecraft:wooden_pickaxe":1,"minecraft:raw_gold":8},"minecraft:killed":{"earthmobsmod:duck":1,"minecraft:cave_spider":1,"minecraft:witch":1,"born_in_chaos_v1:restless_spirit":1,"undead_revamp2:thesmoker":2,"born_in_chaos_v1:baby_skeleton_minion":3,"minecraft:skeleton":6,"minecraft:chicken":4,"undead_revamp2:thespitter":1,"artifacts:mimic":1,"born_in_chaos_v1:bonescaller":1,"minecraft:pig":1,"born_in_chaos_v1:diamond_termite":3,"minecraft:iron_golem":1,"undead_revamp2:theheavy":1,"minecraft:creeper":1,"minecraft:pillager":1,"minecraft:zombie":17,"born_in_chaos_v1:dread_hound":2,"enemyexpansion:botfly":9,"minecraft:cow":3,"undead_revamp2:thegliter":1,"enemyexpansion:intruder":1,"quark:toretoise":1,"undead_revamp2:bomber":1,"enemyexpansion:direwolf":3,"born_in_chaos_v1:maggot":1,"iceandfire:dread_thrall":2,"minecraft:drowned":1,"born_in_chaos_v1:corpse_fish":2,"born_in_chaos_v1:baby_skeleton":1,"naturalist:butterfly":1,"born_in_chaos_v1:decrepit_skeleton":1,"born_in_chaos_v1:bloody_gadfly":1,"undead_revamp2:thesomnolence":1,"iceandfire:ghost":1,"ecologics:squirrel":1,"enemyexpansion:huntsman":1},"minecraft:killed_by":{"minecraft:creeper":2,"minecraft:pillager":1,"minecraft:skeleton":1},"minecraft:mined":{"undead_revamp2:arapholia":1,"minecraft:dark_oak_planks":8,"minecraft:spruce_planks":3,"iceandfire:copper_pile":1,"minecraft:grass_block":2,"ecologics:coconut_leaves":1,"minecraft:coal_block":14,"minecraft:iron_ore":61,"minecraft:pumpkin":3,"minecraft:deepslate_lapis_ore":1,"iceandfire:gold_pile":3,"ecologics:walnut_log":5,"minecraft:iron_block":1,"minecraft:spruce_slab":2,"minecraft:kelp_plant":1,"minecraft:powder_snow":11,"born_in_chaos_v1:infected_deepslate_diamond_ore":1,"minecraft:torch":4,"minecraft:blast_furnace":1,"minecraft:cobblestone":3,"minecraft:sugar_cane":2,"minecraft:oak_planks":2,"minecraft:wall_torch":1,"minecraft:dark_oak_slab":1,"minecraft:birch_log":6,"minecraft:wheat":25,"born_in_chaos_v1:river_mint":3,"minecraft:smooth_stone_slab":1,"minecraft:grass":24,"minecraft:oak_log":11,"minecraft:dirt":9,"luminousworld:grassvariant_3":5,"born_in_chaos_v1:infernal_evil_pumpkin_s":1,"minecraft:oak_leaves":1,"minecraft:deepslate":9,"luminousworld:groundpebbles_1":1,"minecraft:tuff":2,"iceandfire:silver_ore":8,"luminousworld:grassvariant_4":1,"minecraft:dark_oak_log":3,"minecraft:dark_oak_fence":1,"luminousworld:grassvariant_2":10,"ecologics:coconut_door":23,"ecologics:coconut_log":18,"luminousworld:white_oak_plank":1,"minecraft:kelp":2,"quark:jasper":1,"minecraft:hay_block":11,"minecraft:furnace":4,"minecraft:andesite":1,"minecraft:bookshelf":24,"minecraft:deepslate_iron_ore":18,"minecraft:cobblestone_slab":1,"minecraft:stone":72,"minecraft:comparator":1,"quark:dark_oak_chest":1,"minecraft:crafting_table":13,"ecologics:walnut_leaves":1,"minecraft:tall_grass":2,"minecraft:copper_ore":2,"minecraft:lapis_ore":9,"minecraft:deepslate_gold_ore":17,"supplementaries:urn":20,"luminousworld:whiteoaklog":9,"minecraft:spruce_stairs":3,"minecraft:birch_planks":4,"minecraft:birch_leaves":2,"minecraft:coal_ore":38,"luminousworld:ishstone":1,"minecraft:cobweb":4},"minecraft:crafted":{"minecraft:oak_planks":44,"ecologics:walnut_planks":20,"iceandfire:armor_silver_metal_chestplate":1,"minecraft:iron_boots":1,"iceandfire:armor_copper_metal_chestplate":1,"minecraft:crafting_table":1,"minecraft:wooden_pickaxe":1,"minecraft:copper_ingot":8,"minecraft:birch_planks":24,"minecraft:shield":1,"minecraft:stick":52,"minecraft:iron_ingot":65,"minecraft:iron_pickaxe":1,"minecraft:stone_sword":2,"minecraft:gold_ingot":6,"minecraft:wooden_sword":1,"ecologics:coconut_planks":72,"minecraft:furnace":1,"ecologics:coconut_door":3,"minecraft:iron_axe":1,"luminousworld:white_oak_plank":36,"minecraft:stone_pickaxe":1,"minecraft:dark_oak_planks":20,"minecraft:wheat":99,"iceandfire:silver_ingot":8,"minecraft:stone_axe":2,"minecraft:bread":34,"minecraft:air":0,"minecraft:wooden_axe":1,"minecraft:torch":132}},"DataVersion":3465}