{"stats":{"minecraft:custom":{"minecraft:mob_kills":41,"minecraft:interact_with_crafting_table":21,"minecraft:open_barrel":8,"minecraft:interact_with_campfire":26,"minecraft:eat_cake_slice":3,"minecraft:damage_dealt_resisted":377,"minecraft:leave_game":5,"minecraft:time_since_death":36317,"minecraft:climb_one_cm":25378,"minecraft:sprint_one_cm":216903,"minecraft:walk_one_cm":290311,"minecraft:damage_blocked_by_shield":430,"minecraft:drop":38,"tombstone:eaten_lollipop":3,"minecraft:damage_dealt_absorbed":80,"minecraft:talked_to_villager":2,"minecraft:play_time":91471,"minecraft:deaths":4,"minecraft:sneak_time":6006,"minecraft:walk_under_water_one_cm":7123,"minecraft:jump":1431,"minecraft:interact_with_blast_furnace":1,"minecraft:walk_on_water_one_cm":13132,"minecraft:total_world_time":91471,"minecraft:interact_with_furnace":21,"tombstone:raider_killed":1,"minecraft:sleep_in_bed":1,"minecraft:time_since_rest":7620,"minecraft:damage_taken":2143,"minecraft:damage_dealt":8008,"minecraft:swim_one_cm":33979,"minecraft:fly_one_cm":404029,"minecraft:open_chest":25,"minecraft:crouch_one_cm":16203,"tombstone:undead_killed":16,"minecraft:fall_one_cm":28163},"minecraft:broken":{"minecraft:stone_sword":1,"minecraft:leather_chestplate":1,"minecraft:stone_axe":1},"minecraft:killed":{"earthmobsmod:duck":1,"born_in_chaos_v1:restless_spirit":1,"undead_revamp2:thesmoker":2,"undead_revamp2:bomber":1,"enemyexpansion:direwolf":3,"born_in_chaos_v1:maggot":1,"iceandfire:dread_thrall":2,"minecraft:chicken":4,"born_in_chaos_v1:corpse_fish":1,"undead_revamp2:thespitter":1,"minecraft:pig":1,"naturalist:butterfly":1,"minecraft:iron_golem":1,"born_in_chaos_v1:bloody_gadfly":1,"minecraft:pillager":1,"minecraft:zombie":9,"iceandfire:ghost":1,"ecologics:squirrel":1,"enemyexpansion:botfly":4,"minecraft:cow":3},"minecraft:dropped":{"minecraft:bread":1,"minecraft:wheat_seeds":72,"minecraft:crafting_table":1,"minecraft:dark_oak_slab":1,"minecraft:iron_helmet":1,"minecraft:flint":8,"ecologics:walnut_planks":8,"minecraft:dirt":6,"iceandfire:copper_nugget":14,"minecraft:dark_oak_fence":1,"minecraft:dark_oak_trapdoor":1,"minecraft:wooden_axe":1,"minecraft:chain":1,"minecraft:gold_nugget":6,"minecraft:wooden_sword":1,"minecraft:golden_hoe":1,"quark:jasper":1,"minecraft:string":1,"minecraft:dark_oak_planks":1,"minecraft:kelp":2,"undead_revamp2:arapholia":1,"minecraft:rotten_flesh":8,"minecraft:oak_planks":1,"minecraft:cobblestone_slab":1,"minecraft:spruce_planks":4,"luminousworld:groundpebbles_1":2,"iceandfire:bestiary":1,"minecraft:stone_pickaxe":1,"minecraft:wooden_pickaxe":1,"iceandfire:manuscript":1},"minecraft:killed_by":{"minecraft:creeper":2,"minecraft:pillager":1},"minecraft:mined":{"undead_revamp2:arapholia":1,"minecraft:dark_oak_planks":8,"luminousworld:groundpebbles_1":1,"minecraft:spruce_planks":3,"luminousworld:grassvariant_4":1,"iceandfire:copper_pile":1,"minecraft:dark_oak_log":3,"minecraft:dark_oak_fence":1,"minecraft:grass_block":2,"ecologics:coconut_leaves":1,"luminousworld:grassvariant_2":10,"minecraft:coal_block":14,"ecologics:coconut_log":18,"luminousworld:white_oak_plank":1,"minecraft:kelp":2,"quark:jasper":1,"minecraft:hay_block":11,"minecraft:furnace":2,"minecraft:iron_ore":2,"minecraft:pumpkin":3,"minecraft:bookshelf":24,"iceandfire:gold_pile":3,"minecraft:cobblestone_slab":1,"ecologics:walnut_log":5,"minecraft:stone":49,"minecraft:iron_block":1,"minecraft:spruce_slab":2,"minecraft:comparator":1,"minecraft:kelp_plant":1,"quark:dark_oak_chest":1,"minecraft:powder_snow":11,"minecraft:crafting_table":8,"minecraft:torch":2,"ecologics:walnut_leaves":1,"minecraft:copper_ore":2,"minecraft:tall_grass":2,"minecraft:sugar_cane":2,"minecraft:oak_planks":2,"luminousworld:whiteoaklog":9,"minecraft:spruce_stairs":3,"minecraft:birch_planks":4,"minecraft:dark_oak_slab":1,"minecraft:birch_log":6,"minecraft:wheat":25,"minecraft:birch_leaves":2,"born_in_chaos_v1:river_mint":3,"minecraft:smooth_stone_slab":1,"minecraft:grass":24,"minecraft:oak_log":11,"minecraft:coal_ore":32,"minecraft:dirt":9,"luminousworld:grassvariant_3":5,"minecraft:cobweb":1,"born_in_chaos_v1:infernal_evil_pumpkin_s":1,"minecraft:oak_leaves":1},"minecraft:picked_up":{"luminousworld:groundpebbles_1":2,"minecraft:wheat":30,"minecraft:crafting_table":9,"born_in_chaos_v1:river_mint":1,"illagerinvasion:platinum_chunk":1,"minecraft:chicken":5,"minecraft:chain":2,"minecraft:raw_copper":10,"minecraft:string":1,"minecraft:dark_oak_trapdoor":1,"minecraft:cooked_salmon":4,"minecraft:smooth_stone_slab":1,"minecraft:iron_leggings":1,"minecraft:experience_bottle":2,"iceandfire:bestiary":1,"minecraft:gold_nugget":18,"minecraft:spruce_planks":5,"minecraft:beef":5,"minecraft:cobblestone_slab":1,"minecraft:spruce_slab":4,"minecraft:coal_block":14,"minecraft:sugar_cane":5,"luminousworld:white_oak_plank":1,"minecraft:furnace":2,"minecraft:raw_iron":2,"ecologics:walnut_log":5,"minecraft:torch":2,"ecologics:coconut_seedling":1,"minecraft:spruce_stairs":3,"minecraft:porkchop":2,"tombstone:grave_dust":5,"minecraft:dark_oak_planks":7,"tombstone:lollipop":3,"minecraft:rotten_flesh":10,"minecraft:cooked_cod":7,"minecraft:golden_hoe":1,"minecraft:hay_block":11,"ecologics:coconut_log":18,"minecraft:iron_block":1,"undead_revamp2:arapholia":1,"minecraft:cobblestone":49,"minecraft:birch_log":6,"ecologics:walnut_planks":8,"born_in_chaos_v1:corpse_maggot":1,"minecraft:leather_chestplate":1,"minecraft:feather":4,"minecraft:cooked_beef":5,"minecraft:leather":3,"minecraft:birch_planks":4,"minecraft:oak_log":11,"minecraft:dirt":16,"minecraft:lantern":1,"minecraft:kelp":2,"minecraft:wheat_seeds":98,"minecraft:iron_ingot":4,"minecraft:cooked_chicken":5,"minecraft:iron_sword":2,"minecraft:oak_planks":2,"minecraft:book":72,"iceandfire:copper_nugget":14,"minecraft:dark_oak_slab":1,"minecraft:cooked_porkchop":2,"minecraft:pumpkin":3,"born_in_chaos_v1:ethereal_spirit":1,"minecraft:dark_oak_log":3,"quark:jasper":1,"luminousworld:whiteoaklog":9,"minecraft:bundle":2,"minecraft:iron_helmet":2,"minecraft:emerald":4,"minecraft:dark_oak_fence":1,"minecraft:coal":32},"minecraft:used":{"minecraft:stone_sword":161,"born_in_chaos_v1:ethereal_spirit":7,"minecraft:tropical_fish":1,"minecraft:spruce_planks":1,"minecraft:shield":24,"minecraft:iron_sword":23,"tombstone:lollipop":3,"minecraft:cooked_salmon":3,"ecologics:coconut_planks":19,"minecraft:cooked_chicken":2,"minecraft:torch":2,"minecraft:dirt":10,"minecraft:spruce_stairs":1,"born_in_chaos_v1:corpse_maggot":1,"minecraft:dark_oak_planks":22,"minecraft:wooden_axe":18,"minecraft:lantern":1,"minecraft:iron_helmet":1,"ecologics:walnut_planks":10,"minecraft:furnace":3,"minecraft:goat_horn":1,"tombstone:gift":2,"ecologics:coconut_seedling":1,"minecraft:cooked_beef":5,"minecraft:iron_leggings":2,"minecraft:wheat_seeds":25,"minecraft:water_bucket":8,"minecraft:birch_planks":22,"minecraft:stone_pickaxe":88,"minecraft:oak_planks":26,"minecraft:wooden_pickaxe":3,"luminousworld:white_oak_plank":16,"minecraft:golden_hoe":6,"minecraft:crafting_table":8,"minecraft:bread":2,"minecraft:iron_pickaxe":26,"minecraft:golden_leggings":2,"minecraft:golden_helmet":1,"minecraft:stone_axe":130,"minecraft:wooden_sword":1,"minecraft:cobblestone":5,"born_in_chaos_v1:river_mint":1,"minecraft:cooked_porkchop":2,"minecraft:bucket":8,"minecraft:chain":1,"minecraft:smooth_stone_slab":1,"alexsmobs:animal_dictionary":1,"minecraft:experience_bottle":1},"minecraft:crafted":{"minecraft:wooden_sword":1,"minecraft:oak_planks":44,"ecologics:coconut_planks":72,"ecologics:walnut_planks":20,"minecraft:furnace":1,"ecologics:coconut_door":3,"luminousworld:white_oak_plank":36,"minecraft:stone_pickaxe":1,"minecraft:dark_oak_planks":20,"minecraft:wheat":99,"minecraft:crafting_table":1,"minecraft:wooden_pickaxe":1,"minecraft:copper_ingot":8,"minecraft:birch_planks":24,"minecraft:stone_axe":2,"minecraft:bread":34,"minecraft:air":0,"minecraft:shield":1,"minecraft:stick":40,"minecraft:iron_ingot":10,"minecraft:iron_pickaxe":1,"minecraft:wooden_axe":1,"minecraft:stone_sword":2,"minecraft:gold_ingot":2,"minecraft:torch":24}},"DataVersion":3465}