{"stats":{"minecraft:custom":{"minecraft:mob_kills":32,"minecraft:interact_with_crafting_table":15,"minecraft:open_barrel":8,"minecraft:interact_with_campfire":26,"minecraft:eat_cake_slice":3,"minecraft:damage_dealt_resisted":377,"minecraft:leave_game":5,"minecraft:time_since_death":24317,"minecraft:climb_one_cm":20604,"minecraft:sprint_one_cm":180800,"minecraft:walk_one_cm":249107,"minecraft:damage_blocked_by_shield":300,"minecraft:drop":26,"tombstone:eaten_lollipop":2,"minecraft:damage_dealt_absorbed":80,"minecraft:talked_to_villager":1,"minecraft:play_time":79471,"minecraft:deaths":4,"minecraft:sneak_time":5664,"minecraft:walk_under_water_one_cm":7123,"minecraft:jump":1248,"minecraft:walk_on_water_one_cm":11514,"minecraft:total_world_time":79471,"minecraft:interact_with_furnace":16,"tombstone:raider_killed":1,"minecraft:time_since_rest":24071,"minecraft:damage_taken":1851,"minecraft:damage_dealt":6930,"minecraft:swim_one_cm":33979,"minecraft:fly_one_cm":354457,"minecraft:open_chest":20,"minecraft:crouch_one_cm":15494,"tombstone:undead_killed":14,"minecraft:fall_one_cm":25907},"minecraft:broken":{"minecraft:stone_sword":1,"minecraft:leather_chestplate":1,"minecraft:stone_axe":1},"minecraft:dropped":{"minecraft:wheat_seeds":70,"minecraft:dark_oak_slab":1,"minecraft:iron_helmet":1,"minecraft:dirt":6,"minecraft:dark_oak_fence":1,"minecraft:wooden_axe":1,"minecraft:chain":1,"minecraft:gold_nugget":6,"minecraft:wooden_sword":1,"minecraft:golden_hoe":1,"quark:jasper":1,"minecraft:dark_oak_planks":1,"minecraft:kelp":2,"undead_revamp2:arapholia":1,"minecraft:rotten_flesh":8,"minecraft:cobblestone_slab":1,"minecraft:spruce_planks":4,"luminousworld:groundpebbles_1":2,"minecraft:stone_pickaxe":1,"minecraft:wooden_pickaxe":1},"minecraft:killed":{"earthmobsmod:duck":1,"born_in_chaos_v1:restless_spirit":1,"undead_revamp2:thesmoker":2,"enemyexpansion:direwolf":2,"born_in_chaos_v1:maggot":1,"iceandfire:dread_thrall":2,"minecraft:chicken":4,"born_in_chaos_v1:corpse_fish":1,"undead_revamp2:thespitter":1,"minecraft:pig":1,"naturalist:butterfly":1,"born_in_chaos_v1:bloody_gadfly":1,"minecraft:pillager":1,"minecraft:zombie":8,"iceandfire:ghost":1,"ecologics:squirrel":1,"minecraft:cow":3},"minecraft:killed_by":{"minecraft:creeper":2,"minecraft:pillager":1},"minecraft:mined":{"undead_revamp2:arapholia":1,"minecraft:dark_oak_planks":8,"luminousworld:groundpebbles_1":1,"minecraft:spruce_planks":3,"luminousworld:grassvariant_4":1,"minecraft:dark_oak_log":3,"minecraft:dark_oak_fence":1,"minecraft:grass_block":2,"ecologics:coconut_leaves":1,"luminousworld:grassvariant_2":10,"minecraft:coal_block":11,"ecologics:coconut_log":18,"luminousworld:white_oak_plank":1,"minecraft:kelp":2,"quark:jasper":1,"minecraft:hay_block":11,"minecraft:furnace":2,"minecraft:iron_ore":2,"minecraft:pumpkin":3,"minecraft:bookshelf":19,"minecraft:cobblestone_slab":1,"ecologics:walnut_log":5,"minecraft:stone":48,"minecraft:iron_block":1,"minecraft:spruce_slab":2,"minecraft:kelp_plant":1,"quark:dark_oak_chest":1,"minecraft:powder_snow":11,"minecraft:crafting_table":7,"ecologics:walnut_leaves":1,"minecraft:tall_grass":2,"minecraft:sugar_cane":2,"minecraft:oak_planks":2,"luminousworld:whiteoaklog":9,"minecraft:spruce_stairs":3,"minecraft:birch_planks":4,"minecraft:dark_oak_slab":1,"minecraft:birch_log":6,"minecraft:wheat":25,"minecraft:birch_leaves":2,"born_in_chaos_v1:river_mint":2,"minecraft:smooth_stone_slab":1,"minecraft:grass":16,"minecraft:oak_log":11,"minecraft:coal_ore":17,"minecraft:dirt":9,"luminousworld:grassvariant_3":3,"born_in_chaos_v1:infernal_evil_pumpkin_s":1,"minecraft:oak_leaves":1},"minecraft:picked_up":{"luminousworld:groundpebbles_1":2,"minecraft:wheat":30,"minecraft:crafting_table":7,"born_in_chaos_v1:river_mint":1,"illagerinvasion:platinum_chunk":1,"minecraft:chicken":5,"minecraft:chain":2,"minecraft:cooked_salmon":4,"minecraft:smooth_stone_slab":1,"minecraft:iron_leggings":1,"minecraft:experience_bottle":2,"minecraft:spruce_planks":5,"minecraft:beef":5,"minecraft:cobblestone_slab":1,"minecraft:spruce_slab":4,"minecraft:coal_block":11,"minecraft:sugar_cane":5,"luminousworld:white_oak_plank":1,"minecraft:furnace":2,"minecraft:raw_iron":2,"ecologics:walnut_log":5,"ecologics:coconut_seedling":1,"minecraft:spruce_stairs":3,"minecraft:porkchop":2,"tombstone:grave_dust":5,"minecraft:dark_oak_planks":7,"tombstone:lollipop":2,"minecraft:rotten_flesh":10,"minecraft:cooked_cod":7,"minecraft:golden_hoe":1,"minecraft:hay_block":11,"ecologics:coconut_log":18,"minecraft:iron_block":1,"undead_revamp2:arapholia":1,"minecraft:cobblestone":48,"minecraft:birch_log":6,"born_in_chaos_v1:corpse_maggot":1,"minecraft:leather_chestplate":1,"minecraft:feather":4,"minecraft:cooked_beef":5,"minecraft:leather":3,"minecraft:birch_planks":4,"minecraft:oak_log":11,"minecraft:dirt":16,"minecraft:lantern":1,"minecraft:kelp":2,"minecraft:wheat_seeds":95,"minecraft:cooked_chicken":5,"minecraft:iron_sword":1,"minecraft:oak_planks":2,"minecraft:book":57,"minecraft:dark_oak_slab":1,"minecraft:cooked_porkchop":2,"minecraft:pumpkin":3,"born_in_chaos_v1:ethereal_spirit":1,"minecraft:dark_oak_log":3,"quark:jasper":1,"luminousworld:whiteoaklog":9,"minecraft:bundle":2,"minecraft:iron_helmet":2,"minecraft:emerald":3,"minecraft:dark_oak_fence":1,"minecraft:coal":17},"minecraft:used":{"minecraft:stone_sword":161,"born_in_chaos_v1:ethereal_spirit":7,"minecraft:tropical_fish":1,"minecraft:spruce_planks":1,"minecraft:shield":16,"minecraft:iron_sword":1,"tombstone:lollipop":2,"ecologics:coconut_planks":12,"minecraft:cooked_chicken":2,"minecraft:dirt":10,"minecraft:spruce_stairs":1,"born_in_chaos_v1:corpse_maggot":1,"minecraft:dark_oak_planks":22,"minecraft:wooden_axe":18,"minecraft:lantern":1,"minecraft:iron_helmet":1,"ecologics:walnut_planks":10,"minecraft:furnace":2,"minecraft:goat_horn":1,"tombstone:gift":2,"ecologics:coconut_seedling":1,"minecraft:cooked_beef":5,"minecraft:iron_leggings":2,"minecraft:wheat_seeds":25,"minecraft:water_bucket":7,"minecraft:birch_planks":22,"minecraft:stone_pickaxe":88,"minecraft:oak_planks":26,"minecraft:wooden_pickaxe":3,"luminousworld:white_oak_plank":16,"minecraft:golden_hoe":6,"minecraft:crafting_table":6,"minecraft:bread":1,"minecraft:iron_pickaxe":1,"minecraft:golden_leggings":2,"minecraft:golden_helmet":1,"minecraft:stone_axe":111,"minecraft:wooden_sword":1,"minecraft:cobblestone":5,"born_in_chaos_v1:river_mint":1,"minecraft:cooked_porkchop":2,"minecraft:bucket":7,"minecraft:chain":1,"minecraft:smooth_stone_slab":1,"alexsmobs:animal_dictionary":1,"minecraft:experience_bottle":1},"minecraft:crafted":{"minecraft:wooden_sword":1,"minecraft:oak_planks":44,"ecologics:coconut_planks":72,"ecologics:walnut_planks":20,"minecraft:furnace":1,"luminousworld:white_oak_plank":36,"minecraft:stone_pickaxe":1,"minecraft:dark_oak_planks":20,"minecraft:wheat":99,"minecraft:crafting_table":1,"minecraft:wooden_pickaxe":1,"minecraft:birch_planks":24,"minecraft:stone_axe":2,"minecraft:bread":34,"minecraft:air":0,"minecraft:shield":1,"minecraft:stick":24,"minecraft:iron_ingot":10,"minecraft:iron_pickaxe":1,"minecraft:wooden_axe":1,"minecraft:stone_sword":2}},"DataVersion":3465}