{"stats":{"minecraft:custom":{"minecraft:deaths":1,"minecraft:time_since_rest":131,"minecraft:play_time":11782,"minecraft:crouch_one_cm":1207,"minecraft:sprint_one_cm":20153,"minecraft:damage_taken":240,"minecraft:walk_one_cm":11366,"minecraft:sneak_time":1201,"minecraft:walk_under_water_one_cm":2515,"minecraft:jump":193,"minecraft:leave_game":1,"minecraft:time_since_death":633,"minecraft:walk_on_water_one_cm":983,"minecraft:total_world_time":11782,"minecraft:climb_one_cm":19945,"minecraft:swim_one_cm":10761,"minecraft:interact_with_crafting_table":2,"minecraft:fall_one_cm":3402,"minecraft:fly_one_cm":151586},"minecraft:used":{"minecraft:wooden_axe":12,"minecraft:dirt":1,"minecraft:crafting_table":2,"minecraft:birch_planks":19,"minecraft:oak_planks":11,"alexsmobs:animal_dictionary":1},"minecraft:mined":{"minecraft:grass_block":1,"minecraft:birch_planks":1,"minecraft:oak_log":6,"luminousworld:grassvariant_2":2,"minecraft:birch_log":6,"minecraft:crafting_table":2},"minecraft:picked_up":{"minecraft:birch_log":6,"minecraft:crafting_table":2,"minecraft:birch_planks":1,"minecraft:oak_log":6,"minecraft:dirt":1},"minecraft:crafted":{"minecraft:wooden_sword":1,"minecraft:oak_planks":24,"minecraft:birch_planks":24,"minecraft:crafting_table":1,"minecraft:stick":4,"minecraft:wooden_axe":1}},"DataVersion":3465}