{"stats":{"minecraft:custom":{"minecraft:time_since_rest":6189,"minecraft:crouch_one_cm":1207,"minecraft:play_time":6189,"minecraft:sprint_one_cm":11900,"minecraft:walk_one_cm":8056,"minecraft:sneak_time":596,"minecraft:walk_under_water_one_cm":354,"minecraft:jump":99,"minecraft:leave_game":1,"minecraft:walk_on_water_one_cm":80,"minecraft:time_since_death":6189,"minecraft:climb_one_cm":19945,"minecraft:total_world_time":6189,"minecraft:swim_one_cm":5264,"minecraft:fall_one_cm":1428,"minecraft:interact_with_crafting_table":2,"minecraft:fly_one_cm":7649},"minecraft:used":{"minecraft:wooden_axe":12,"minecraft:crafting_table":2,"minecraft:birch_planks":11,"minecraft:oak_planks":11,"alexsmobs:animal_dictionary":1},"minecraft:mined":{"minecraft:birch_planks":1,"minecraft:oak_log":6,"luminousworld:grassvariant_2":2,"minecraft:birch_log":6,"minecraft:crafting_table":2},"minecraft:picked_up":{"minecraft:birch_log":6,"minecraft:crafting_table":2,"minecraft:birch_planks":1,"minecraft:oak_log":6},"minecraft:crafted":{"minecraft:wooden_sword":1,"minecraft:oak_planks":24,"minecraft:birch_planks":24,"minecraft:crafting_table":1,"minecraft:stick":4,"minecraft:wooden_axe":1}},"DataVersion":3465}