{"stats":{"minecraft:crafted":{"minecraft:wooden_sword":1,"minecraft:oak_planks":44,"minecraft:shield":1,"minecraft:crafting_table":1,"minecraft:stick":12,"minecraft:iron_ingot":1,"minecraft:wooden_pickaxe":1,"minecraft:stone_pickaxe":1,"minecraft:wooden_axe":1,"minecraft:stone_sword":1,"minecraft:furnace":1,"minecraft:birch_planks":24,"minecraft:stone_axe":1,"minecraft:air":0},"minecraft:killed_by":{"minecraft:creeper":1},"minecraft:used":{"minecraft:wooden_axe":18,"minecraft:stone_sword":36,"born_in_chaos_v1:ethereal_spirit":7,"minecraft:birch_planks":19,"minecraft:stone_pickaxe":22,"minecraft:oak_planks":11,"minecraft:wooden_pickaxe":3,"minecraft:stone_axe":3,"minecraft:wooden_sword":1,"minecraft:dirt":1,"minecraft:cobblestone":3,"minecraft:crafting_table":4,"minecraft:furnace":1,"minecraft:chain":1,"alexsmobs:animal_dictionary":1},"minecraft:mined":{"luminousworld:groundpebbles_1":1,"minecraft:birch_planks":1,"minecraft:furnace":1,"luminousworld:grassvariant_4":1,"minecraft:iron_ore":2,"minecraft:birch_log":6,"minecraft:powder_snow":2,"minecraft:crafting_table":4,"minecraft:grass":4,"minecraft:grass_block":1,"minecraft:oak_log":11,"luminousworld:grassvariant_2":7,"luminousworld:grassvariant_3":2,"minecraft:stone":21,"minecraft:oak_leaves":1},"minecraft:picked_up":{"minecraft:birch_log":6,"luminousworld:groundpebbles_1":1,"minecraft:raw_iron":2,"minecraft:crafting_table":4,"illagerinvasion:platinum_chunk":1,"born_in_chaos_v1:ethereal_spirit":1,"minecraft:birch_planks":1,"minecraft:chain":2,"minecraft:oak_log":11,"minecraft:dirt":1,"minecraft:iron_leggings":1,"minecraft:emerald":1,"minecraft:cobblestone":21,"minecraft:furnace":1},"minecraft:dropped":{"luminousworld:groundpebbles_1":1,"minecraft:wooden_axe":1,"minecraft:chain":1,"minecraft:wooden_sword":1,"minecraft:wooden_pickaxe":1},"minecraft:killed":{"minecraft:pillager":1,"born_in_chaos_v1:restless_spirit":1,"enemyexpansion:direwolf":1},"minecraft:custom":{"minecraft:interact_with_furnace":2,"minecraft:time_since_rest":4712,"minecraft:sprint_one_cm":65855,"minecraft:damage_taken":535,"minecraft:walk_one_cm":43723,"minecraft:mob_kills":3,"minecraft:drop":5,"tombstone:raider_killed":1,"minecraft:damage_dealt":1223,"minecraft:damage_dealt_absorbed":80,"minecraft:interact_with_crafting_table":8,"minecraft:swim_one_cm":10761,"minecraft:fly_one_cm":187255,"minecraft:crouch_one_cm":1714,"minecraft:play_time":23178,"minecraft:deaths":2,"minecraft:sneak_time":1415,"minecraft:walk_under_water_one_cm":2515,"minecraft:jump":405,"minecraft:leave_game":1,"minecraft:walk_on_water_one_cm":983,"minecraft:time_since_death":4978,"minecraft:climb_one_cm":19945,"minecraft:total_world_time":23178,"minecraft:fall_one_cm":6388}},"DataVersion":3465}