{"stats":{"minecraft:broken":{"minecraft:iron_leggings":2,"minecraft:stone_axe":1,"minecraft:iron_sword":3,"iceandfire:armor_silver_metal_chestplate":1,"aether:chainmail_gloves":1,"minecraft:stone_sword":1,"aether:iron_gloves":1,"minecraft:leather_chestplate":1,"minecraft:shield":1,"minecraft:iron_helmet":1},"minecraft:killed_by":{"iceandfire:cyclops":1,"minecraft:creeper":2,"minecraft:pillager":1,"enemyexpansion:sprinter":2,"undead_revamp2:bomber":1,"iceandfire:fire_dragon":9,"enemyexpansion:trollenraged":1,"minecraft:skeleton":1},"minecraft:used":{"sophisticatedbackpacks:copper_backpack":1,"born_in_chaos_v1:intoxicating_decoction":1,"minecraft:shield":174,"minecraft:iron_sword":1153,"tombstone:lollipop":9,"ecologics:coconut_planks":50,"minecraft:tuff":3,"quark:limestone":1,"born_in_chaos_v1:corpse_maggot":1,"minecraft:lava_bucket":1,"minecraft:lantern":1,"minecraft:iron_helmet":2,"ecologics:walnut_planks":10,"minecraft:bow":13,"supplementaries:ash":12,"minecraft:cooked_cod":7,"minecraft:furnace":5,"luminousworld:autumnplank":8,"minecraft:stone_pickaxe":88,"minecraft:oak_planks":31,"minecraft:wooden_pickaxe":3,"luminousworld:groundpebbles_1":2,"minecraft:golden_hoe":6,"iceandfire:armor_copper_metal_chestplate":1,"minecraft:bread":107,"minecraft:string":1,"tombstone:grave_key":16,"minecraft:gravel":12,"minecraft:golden_helmet":1,"minecraft:wooden_sword":1,"born_in_chaos_v1:river_mint":1,"minecraft:cooked_rabbit":1,"minecraft:chain":1,"minecraft:smooth_stone_slab":1,"minecraft:experience_bottle":1,"minecraft:enchanting_table":1,"minecraft:stone_sword":161,"born_in_chaos_v1:ethereal_spirit":7,"minecraft:tropical_fish":1,"minecraft:spruce_planks":2,"minecraft:cooked_salmon":4,"minecraft:cooked_chicken":5,"minecraft:torch":395,"minecraft:dirt":24,"minecraft:spruce_stairs":1,"ecologics:coconut_door":25,"minecraft:dark_oak_planks":22,"minecraft:wooden_axe":18,"minecraft:iron_axe":165,"minecraft:iron_boots":1,"minecraft:goat_horn":1,"naturalist:bass_bucket":1,"tombstone:gift":8,"ecologics:coconut_seedling":1,"minecraft:cooked_beef":5,"minecraft:cobbled_deepslate":44,"minecraft:iron_leggings":2,"minecraft:wheat_seeds":84,"minecraft:water_bucket":75,"iceandfire:fire_dragon_flesh":1,"minecraft:birch_planks":22,"minecraft:bundle":1,"minecraft:birch_boat":6,"luminousworld:white_oak_plank":16,"luminousworld:ishstone":1,"minecraft:crafting_table":27,"iceandfire:armor_silver_metal_chestplate":1,"tombstone:bag_of_seeds":2,"minecraft:diamond_pickaxe":3,"minecraft:iron_pickaxe":729,"minecraft:tnt_minecart":1,"tombstone:magic_scroll":3,"minecraft:golden_leggings":2,"minecraft:stone_axe":130,"minecraft:cobblestone":115,"minecraft:potion":1,"minecraft:cooked_porkchop":2,"minecraft:bucket":77,"alexsmobs:animal_dictionary":1,"minecraft:chainmail_leggings":1},"minecraft:crafted":{"minecraft:oak_planks":92,"minecraft:birch_boat":1,"ecologics:walnut_planks":20,"iceandfire:armor_silver_metal_chestplate":1,"minecraft:bow":1,"minecraft:iron_boots":1,"iceandfire:armor_copper_metal_chestplate":1,"minecraft:crafting_table":3,"minecraft:wooden_pickaxe":1,"minecraft:copper_ingot":8,"minecraft:gold_block":32,"minecraft:birch_planks":72,"minecraft:iron_chestplate":2,"minecraft:diamond_pickaxe":1,"minecraft:shield":2,"minecraft:stick":120,"minecraft:iron_ingot":65,"minecraft:iron_pickaxe":3,"minecraft:stone_sword":2,"minecraft:gold_ingot":192,"minecraft:cherry_planks":8,"minecraft:wooden_sword":1,"ecologics:coconut_planks":72,"minecraft:furnace":1,"ecologics:coconut_door":3,"minecraft:iron_axe":1,"luminousworld:white_oak_plank":36,"minecraft:stone_pickaxe":1,"minecraft:dark_oak_planks":20,"minecraft:wheat":99,"sophisticatedbackpacks:iron_backpack":1,"luminousworld:autumnplank":8,"iceandfire:silver_ingot":8,"minecraft:enchanting_table":1,"iceandfire:tide_trident":2,"minecraft:iron_sword":4,"sophisticatedbackpacks:gold_backpack":1,"minecraft:stone_axe":2,"minecraft:bread":77,"minecraft:air":0,"minecraft:wooden_axe":1,"minecraft:torch":356},"minecraft:picked_up":{"minecraft:wheat":132,"illagerinvasion:platinum_chunk":1,"minecraft:chainmail_boots":4,"minecraft:anvil":1,"minecraft:prismarine_shard":2,"aether:iron_gloves":1,"minecraft:wither_rose":1,"minecraft:potion":1,"minecraft:enchanted_book":2,"iceandfire:armor_silver_metal_chestplate":1,"born_in_chaos_v1:black_argillite":5,"iceandfire:manuscript":5,"minecraft:string":46,"minecraft:dark_oak_trapdoor":1,"minecraft:raw_copper":23,"minecraft:cooked_salmon":4,"minecraft:smooth_stone_slab":1,"minecraft:iron_leggings":2,"minecraft:experience_bottle":2,"minecraft:smooth_stone":1,"minecraft:tnt_minecart":1,"minecraft:gold_nugget":1567,"minecraft:cobbled_deepslate":62,"minecraft:bucket":1,"minecraft:spruce_planks":6,"minecraft:cobblestone_slab":3,"minecraft:iron_pickaxe":1,"minecraft:coal_block":14,"iceandfire:ghost_chest":1,"minecraft:iron_boots":1,"minecraft:furnace":4,"minecraft:golden_helmet":1,"minecraft:stick":19,"artifacts:universal_attractor":1,"luminousworld:auburnlog":1,"ecologics:walnut_log":5,"luminousworld:savannah_soil":4,"minecraft:torch":99,"ecologics:coconut_seedling":1,"minecraft:acacia_log":2,"minecraft:spruce_stairs":3,"minecraft:porkchop":2,"minecraft:cherry_log":2,"tombstone:grave_dust":38,"minecraft:diorite":8,"tombstone:lollipop":9,"minecraft:rotten_flesh":71,"supplementaries:antique_ink":1,"ecologics:coconut_log":18,"iceandfire:fire_dragon_heart":2,"minecraft:iron_block":1,"quark:blossom_chest":1,"luminousworld:tall_deadbush":1,"supplementaries:ash":26,"minecraft:iron_bars":1,"undead_revamp2:arapholia":1,"minecraft:cobblestone":224,"minecraft:enchanting_table":1,"minecraft:birch_log":18,"ecologics:walnut_planks":8,"luminousworld:savannah_ground":3,"minecraft:leather_chestplate":1,"minecraft:feather":22,"minecraft:cooked_beef":5,"minecraft:andesite":14,"ecologics:coconut_planks":56,"minecraft:flint":11,"minecraft:tuff":4,"supplementaries:flax_seeds":1,"iceandfire:dragonscales_bronze":24,"artifacts:pickaxe_heater":4,"minecraft:lapis_lazuli":115,"minecraft:dirt":49,"minecraft:lantern":1,"born_in_chaos_v1:monster_skin":5,"minecraft:bone":43,"minecraft:chipped_anvil":1,"minecraft:bow":4,"minecraft:wheat_seeds":335,"minecraft:raw_gold":18,"luminousworld:elephant_grass":2,"minecraft:oak_planks":5,"minecraft:cooked_porkchop":2,"naturalist:cattail_fluff":1,"iceandfire:shiny_scales":3,"iceandfire:dragon_skull_fire":3,"minecraft:sand":3,"minecraft:grass_block":1,"minecraft:mossy_cobblestone":2,"minecraft:acacia_stairs":1,"minecraft:trapped_chest":1,"minecraft:dark_oak_log":3,"minecraft:iron_hoe":1,"undead_revamp2:heavytooth":3,"quark:jasper":1,"minecraft:bundle":3,"born_in_chaos_v1:fire_dust":1,"minecraft:diamond":11,"minecraft:crossbow":1,"minecraft:granite":4,"minecraft:emerald":13,"minecraft:bread":14,"minecraft:oak_sapling":6,"born_in_chaos_v1:rotten_fish":1,"minecraft:dark_oak_fence":1,"iceandfire:raw_silver":9,"iceandfire:dragon_skull_lightning":2,"minecraft:crafting_table":32,"luminousworld:groundpebbles_1":10,"born_in_chaos_v1:diamond_termite_shard":11,"minecraft:chicken":10,"born_in_chaos_v1:river_mint":1,"minecraft:golden_pickaxe":1,"born_in_chaos_v1:charmof_resistance":2,"minecraft:cooked_rabbit":1,"minecraft:gold_block":2,"minecraft:diamond_horse_armor":1,"tombstone:scroll_of_preservation":2,"minecraft:chain":3,"minecraft:iron_shovel":1,"born_in_chaos_v1:intoxicating_decoction":1,"minecraft:item_frame":2,"iceandfire:graveyard_soil":4,"iceandfire:bestiary":1,"minecraft:beef":5,"minecraft:spruce_slab":4,"minecraft:sugar_cane":5,"luminousworld:white_oak_plank":13,"minecraft:egg":1,"iceandfire:dragonscales_gray":20,"iceandfire:dragonbone":46,"minecraft:raw_iron":94,"ecologics:coconut_door":26,"iceandfire:chared_grass":1,"luminousworld:beastiary":1,"born_in_chaos_v1:pieceofdarkmetal":13,"minecraft:prismarine_crystals":1,"minecraft:dark_oak_planks":7,"mowziesmobs:umvuthana_mask_faith":1,"iceandfire:silver_ingot":2,"minecraft:arrow":21,"iceandfire:sea_serpent_scales_purple":14,"minecraft:cooked_cod":9,"minecraft:golden_hoe":1,"minecraft:hay_block":11,"tombstone:essence_of_undeath":1,"minecraft:gold_ingot":81,"sophisticatedbackpacks:copper_backpack":2,"minecraft:skeleton_skull":1,"minecraft:bone_block":12,"born_in_chaos_v1:fused_bone":5,"born_in_chaos_v1:corpse_maggot":4,"iceandfire:sea_serpent_fang":8,"born_in_chaos_v1:monster_flesh":5,"luminousworld:ishstone":17,"minecraft:leather":3,"minecraft:acacia_wood":21,"minecraft:birch_planks":4,"quark:smithing_template_rune":1,"minecraft:oak_log":59,"minecraft:lily_pad":3,"iceandfire:ectoplasm":1,"minecraft:gunpowder":14,"quark:limestone":1,"tombstone:gift":1,"minecraft:kelp":2,"minecraft:iron_ingot":80,"minecraft:cooked_chicken":5,"tombstone:bag_of_seeds":2,"minecraft:glass_bottle":4,"luminousworld:white_petunias":1,"iceandfire:fire_dragon_flesh":4,"minecraft:iron_sword":2,"minecraft:book":101,"iceandfire:copper_nugget":14,"minecraft:dark_oak_slab":1,"minecraft:birch_boat":5,"minecraft:pumpkin":3,"iceandfire:ash":2,"born_in_chaos_v1:ethereal_spirit":6,"born_in_chaos_v1:dark_rod":3,"minecraft:gravel":29,"minecraft:amethyst_shard":17,"minecraft:blast_furnace":2,"minecraft:spider_eye":1,"luminousworld:whiteoaklog":9,"minecraft:pumpkin_seeds":3,"minecraft:slime_ball":1,"minecraft:chainmail_leggings":5,"minecraft:iron_helmet":6,"tombstone:magic_scroll":2,"minecraft:coal":74,"minecraft:ender_pearl":1},"minecraft:dropped":{"iceandfire:raw_silver":1,"minecraft:lapis_lazuli":4,"minecraft:oak_log":1,"minecraft:golden_pickaxe":2,"minecraft:crossbow":1,"minecraft:glass_bottle":6,"mowziesmobs:umvuthana_mask_faith":2,"luminousworld:white_petunias":1,"minecraft:crafting_table":4,"minecraft:dark_oak_slab":1,"iceandfire:tide_trident":1,"iceandfire:ectoplasm":1,"born_in_chaos_v1:pieceofdarkmetal":1,"artifacts:universal_attractor":1,"iceandfire:graveyard_soil":4,"minecraft:item_frame":2,"minecraft:flint":8,"ecologics:walnut_planks":8,"born_in_chaos_v1:monster_flesh":5,"ecologics:coconut_door":2,"minecraft:dirt":13,"born_in_chaos_v1:monster_skin":5,"minecraft:dark_oak_fence":1,"minecraft:dark_oak_trapdoor":1,"minecraft:cooked_cod":2,"minecraft:chain":2,"minecraft:wooden_sword":1,"minecraft:gold_nugget":19,"minecraft:amethyst_shard":4,"minecraft:bone_block":12,"iceandfire:ash":3,"minecraft:iron_pickaxe":1,"tombstone:scroll_of_preservation":1,"minecraft:dark_oak_planks":1,"minecraft:bone":18,"minecraft:gravel":17,"born_in_chaos_v1:fire_dust":1,"minecraft:golden_chestplate":1,"luminousworld:white_oak_plank":12,"alexsmobs:animal_dictionary":1,"minecraft:cobbled_deepslate":12,"alexscaves:cave_tablet":7,"undead_revamp2:arapholia":2,"minecraft:rotten_flesh":52,"luminousworld:tall_deadbush":1,"minecraft:oak_planks":7,"luminousworld:savannah_soil":4,"minecraft:acacia_stairs":1,"supplementaries:antique_ink":1,"quark:blossom_chest":1,"supplementaries:flax_seeds":1,"supplementaries:ash":15,"iceandfire:ghost_chest":1,"alexscaves:cave_book":1,"minecraft:gunpowder":14,"minecraft:skeleton_skull":1,"born_in_chaos_v1:corpse_maggot":3,"iceandfire:bestiary":1,"minecraft:chainmail_boots":3,"minecraft:iron_bars":1,"minecraft:arrow":8,"iceandfire:chared_grass":1,"iceandfire:manuscript":7,"minecraft:egg":1,"minecraft:enchanted_book":2,"minecraft:iron_ingot":1,"minecraft:bread":2,"minecraft:wheat_seeds":254,"minecraft:golden_helmet":1,"luminousworld:ishstone":16,"minecraft:mossy_cobblestone":2,"mowziesmobs:foliaath_seed":2,"minecraft:prismarine_crystals":1,"minecraft:prismarine_shard":2,"minecraft:feather":12,"iceandfire:armor_copper_metal_chestplate":1,"minecraft:iron_helmet":5,"minecraft:cobblestone":27,"minecraft:book":29,"minecraft:granite":4,"minecraft:acacia_log":2,"minecraft:grass_block":1,"minecraft:stick":17,"born_in_chaos_v1:black_argillite":5,"minecraft:diorite":8,"iceandfire:copper_nugget":14,"minecraft:torch":29,"luminousworld:auburn_sapling":1,"luminousworld:savannah_ground":3,"minecraft:wooden_axe":1,"minecraft:cherry_planks":4,"born_in_chaos_v1:fused_bone":3,"iceandfire:armor_silver_metal_chestplate":1,"tombstone:grave_dust":31,"minecraft:golden_hoe":2,"minecraft:lily_pad":3,"minecraft:chipped_anvil":1,"minecraft:smooth_stone":1,"quark:jasper":1,"minecraft:chainmail_leggings":3,"minecraft:string":41,"minecraft:trapped_chest":1,"minecraft:bucket":1,"iceandfire:dragon_skull_fire":2,"iceandfire:dragonbone":9,"iceandfire:dragonscales_gray":10,"ecologics:coconut_planks":56,"minecraft:kelp":2,"minecraft:raw_copper":6,"minecraft:cocoa_beans":1,"minecraft:tuff":1,"minecraft:raw_iron":23,"born_in_chaos_v1:rotten_fish":1,"minecraft:chicken":5,"minecraft:iron_boots":2,"iceandfire:troll_tusk":1,"naturalist:cattail_fluff":1,"minecraft:pumpkin_seeds":3,"minecraft:cobblestone_slab":3,"undead_revamp2:heavytooth":1,"aether:iron_gloves":2,"mowziesmobs:umvuthana_mask_misery":1,"minecraft:spruce_planks":4,"luminousworld:groundpebbles_1":10,"minecraft:andesite":14,"iceandfire:silver_ingot":2,"minecraft:oak_sapling":6,"minecraft:golden_sword":1,"artifacts:pickaxe_heater":2,"minecraft:spider_eye":1,"tombstone:essence_of_undeath":1,"luminousworld:elephant_grass":2,"minecraft:bow":2,"minecraft:stone_pickaxe":1,"minecraft:wooden_pickaxe":1,"minecraft:raw_gold":14,"iceandfire:dragon_skull_lightning":2},"minecraft:custom":{"minecraft:interact_with_crafting_table":66,"minecraft:open_barrel":37,"minecraft:eat_cake_slice":3,"minecraft:leave_game":10,"minecraft:time_since_death":28280,"minecraft:damage_resisted":2537,"minecraft:sprint_one_cm":900036,"minecraft:damage_blocked_by_shield":3729,"tombstone:eaten_lollipop":9,"minecraft:drop":302,"minecraft:talked_to_villager":2,"minecraft:play_time":368882,"minecraft:deaths":20,"minecraft:jump":6041,"minecraft:walk_on_water_one_cm":102833,"minecraft:interact_with_furnace":39,"minecraft:interact_with_cartography_table":1,"minecraft:interact_with_loom":2,"minecraft:sleep_in_bed":1,"minecraft:damage_dealt":64011,"minecraft:crouch_one_cm":34104,"tombstone:undead_killed":132,"minecraft:interact_with_smoker":2,"minecraft:interact_with_smithing_table":2,"minecraft:interact_with_anvil":2,"minecraft:mob_kills":264,"minecraft:interact_with_campfire":26,"minecraft:damage_dealt_resisted":2372,"minecraft:climb_one_cm":28026,"minecraft:walk_one_cm":974191,"minecraft:damage_dealt_absorbed":80,"minecraft:sneak_time":16208,"minecraft:walk_under_water_one_cm":90949,"minecraft:boat_one_cm":86699,"minecraft:interact_with_blast_furnace":10,"minecraft:total_world_time":368882,"tombstone:raider_killed":2,"minecraft:interact_with_grindstone":1,"minecraft:time_since_rest":28087,"minecraft:damage_taken":13531,"minecraft:trigger_trapped_chest":1,"tombstone:cast_on_ally":0,"minecraft:swim_one_cm":343941,"minecraft:fly_one_cm":1244941,"minecraft:open_chest":112,"minecraft:fall_one_cm":138805},"minecraft:killed":{"born_in_chaos_v1:zombie_clown":1,"earthmobsmod:duck":1,"minecraft:cave_spider":2,"minecraft:witch":1,"born_in_chaos_v1:restless_spirit":2,"born_in_chaos_v1:zombie_lumberjack":2,"born_in_chaos_v1:skeleton_demoman":1,"minecraft:spider":5,"undead_revamp2:thesmoker":3,"born_in_chaos_v1:siamese_skeletonsright":2,"born_in_chaos_v1:baby_skeleton_minion":3,"naturalist:snail":1,"minecraft:skeleton":16,"minecraft:chicken":9,"mowziesmobs:umvuthana_crane":7,"born_in_chaos_v1:skeleton_thrasher":1,"undead_revamp2:thespitter":1,"artifacts:mimic":3,"born_in_chaos_v1:bonescaller":1,"minecraft:pig":1,"minecraft:zombie_villager":2,"born_in_chaos_v1:diamond_termite":12,"minecraft:iron_golem":1,"earthmobsmod:lobber_zombie":1,"undead_revamp2:theheavy":2,"undead_revamp2:thebeartamer":1,"minecraft:creeper":3,"undead_revamp2:thebidyupside":1,"minecraft:pillager":1,"luminousworld:savannah_skeleton":5,"minecraft:zombie":40,"born_in_chaos_v1:dread_hound":7,"born_in_chaos_v1:corpse_fly":2,"enemyexpansion:botfly":9,"born_in_chaos_v1:door_knight":1,"iceandfire:sea_serpent":1,"born_in_chaos_v1:siamese_skeletonsleft":2,"enemyexpansion:wasp":1,"minecraft:cow":3,"born_in_chaos_v1:missioner":1,"undead_revamp2:thegliter":1,"enemyexpansion:intruder":1,"luminousworld:swallowtail":1,"quark:toretoise":1,"undead_revamp2:bomber":2,"enemyexpansion:goblin_fear":1,"enemyexpansion:direwolf":5,"born_in_chaos_v1:zombie_bruiser":2,"born_in_chaos_v1:maggot":11,"luminousworld:swamp_skeleton":1,"iceandfire:dread_thrall":2,"iceandfire:fire_dragon":1,"iceandfire:siren":1,"minecraft:drowned":1,"born_in_chaos_v1:corpse_fish":2,"enemyexpansion:goblin":1,"luminousworld:savannah_zombie":3,"mowziesmobs:umvuthana":9,"born_in_chaos_v1:barrel_zombie":2,"born_in_chaos_v1:baby_skeleton":5,"naturalist:butterfly":1,"undead_revamp2:the_moonflower":12,"enemyexpansion:sprinter":4,"born_in_chaos_v1:decrepit_skeleton":4,"born_in_chaos_v1:bloody_gadfly":1,"undead_revamp2:thesomnolence":10,"luminousworld:swamp_zombie":1,"iceandfire:ghost":5,"ecologics:squirrel":1,"born_in_chaos_v1:dark_vortex":2,"enemyexpansion:huntsman":2,"minecraft:enderman":2},"minecraft:mined":{"undead_revamp2:arapholia":1,"minecraft:dark_oak_planks":8,"minecraft:spruce_planks":5,"iceandfire:copper_pile":1,"minecraft:granite":4,"minecraft:grass_block":3,"ecologics:coconut_leaves":1,"minecraft:coal_block":14,"luminousworld:savanna_grass_2":2,"minecraft:smooth_stone":1,"quark:blossom_chest":1,"minecraft:iron_ore":84,"minecraft:cobbled_deepslate":2,"minecraft:fire":28,"minecraft:pumpkin":3,"minecraft:anvil":1,"minecraft:deepslate_lapis_ore":1,"minecraft:enchanting_table":1,"iceandfire:gold_pile":150,"minecraft:iron_bars":1,"quark:limestone":1,"ecologics:walnut_log":5,"minecraft:iron_block":1,"minecraft:spruce_slab":2,"luminousworld:tall_deadbush":2,"minecraft:kelp_plant":1,"minecraft:powder_snow":11,"born_in_chaos_v1:infected_deepslate_diamond_ore":5,"minecraft:torch":8,"minecraft:blast_furnace":2,"minecraft:cobblestone":13,"minecraft:oak_planks":2,"minecraft:sugar_cane":2,"minecraft:wall_torch":4,"minecraft:skeleton_skull":1,"minecraft:dark_oak_slab":1,"minecraft:birch_log":17,"minecraft:wheat":85,"minecraft:wither_rose":1,"born_in_chaos_v1:river_mint":3,"minecraft:smooth_stone_slab":2,"minecraft:grass":43,"minecraft:oak_log":50,"minecraft:sand":1,"minecraft:dirt":17,"luminousworld:grassvariant_3":7,"minecraft:netherrack":10,"born_in_chaos_v1:infernal_evil_pumpkin_s":1,"luminousworld:savannah_grass_4":9,"minecraft:deepslate":57,"minecraft:oak_leaves":3,"luminousworld:savannah_ground":1,"luminousworld:groundpebbles_1":1,"minecraft:tuff":4,"iceandfire:silver_ore":9,"luminousworld:grassvariant_4":2,"minecraft:deepslate_diamond_ore":8,"minecraft:dark_oak_log":3,"born_in_chaos_v1:infected_diamond_ore":1,"minecraft:dark_oak_fence":1,"born_in_chaos_v1:black_argillite":5,"luminousworld:grassvariant_2":16,"ecologics:coconut_door":23,"ecologics:coconut_log":18,"minecraft:spruce_leaves":5,"luminousworld:white_oak_plank":1,"minecraft:kelp":2,"quark:jasper":1,"iceandfire:chared_grass":1,"minecraft:hay_block":11,"minecraft:furnace":4,"minecraft:acacia_stairs":1,"minecraft:andesite":17,"minecraft:gold_block":2,"minecraft:bookshelf":24,"minecraft:vine":2,"minecraft:cobblestone_slab":2,"minecraft:deepslate_iron_ore":50,"minecraft:stone":195,"luminousworld:savannah_soil":4,"minecraft:acacia_leaves":4,"minecraft:comparator":1,"quark:dark_oak_chest":1,"minecraft:crafting_table":28,"luminousworld:savannah_grass_1":4,"ecologics:walnut_leaves":1,"minecraft:copper_ore":2,"minecraft:tall_grass":14,"minecraft:deepslate_gold_ore":58,"minecraft:lapis_ore":17,"minecraft:diorite":8,"supplementaries:urn":35,"luminousworld:whiteoaklog":9,"minecraft:spruce_stairs":3,"minecraft:birch_planks":4,"minecraft:birch_leaves":4,"luminousworld:ishstone":18,"minecraft:coal_ore":52,"minecraft:cobweb":4,"luminousworld:elephant_grass":3,"minecraft:gold_ore":3,"minecraft:chipped_anvil":1}},"DataVersion":3465}