{"stats":{"minecraft:crafted":{"minecraft:wooden_sword":1,"minecraft:oak_planks":44,"minecraft:crafting_table":1,"minecraft:wooden_pickaxe":1,"minecraft:furnace":1,"minecraft:birch_planks":24,"minecraft:stone_axe":1,"minecraft:air":0,"minecraft:shield":1,"luminousworld:white_oak_plank":36,"minecraft:stick":12,"minecraft:iron_ingot":1,"minecraft:stone_pickaxe":1,"minecraft:wooden_axe":1,"minecraft:stone_sword":1,"minecraft:dark_oak_planks":20},"minecraft:killed_by":{"minecraft:creeper":1,"minecraft:pillager":1},"minecraft:used":{"minecraft:stone_sword":56,"minecraft:birch_planks":19,"born_in_chaos_v1:ethereal_spirit":7,"minecraft:stone_pickaxe":24,"minecraft:oak_planks":26,"minecraft:shield":5,"minecraft:wooden_pickaxe":3,"luminousworld:white_oak_plank":15,"minecraft:cooked_chicken":1,"minecraft:dirt":10,"minecraft:crafting_table":4,"minecraft:dark_oak_planks":6,"minecraft:wooden_axe":18,"minecraft:stone_axe":27,"minecraft:wooden_sword":1,"minecraft:cobblestone":5,"minecraft:furnace":2,"minecraft:chain":1,"alexsmobs:animal_dictionary":1},"minecraft:mined":{"minecraft:dark_oak_planks":6,"luminousworld:groundpebbles_1":1,"luminousworld:grassvariant_4":1,"quark:dark_oak_chest":1,"minecraft:dark_oak_log":3,"minecraft:powder_snow":11,"minecraft:crafting_table":4,"minecraft:dark_oak_fence":1,"minecraft:grass_block":1,"luminousworld:grassvariant_2":7,"minecraft:oak_planks":1,"luminousworld:whiteoaklog":9,"minecraft:birch_planks":1,"minecraft:dark_oak_slab":1,"minecraft:furnace":2,"minecraft:birch_log":6,"minecraft:iron_ore":2,"minecraft:birch_leaves":2,"minecraft:grass":4,"minecraft:oak_log":11,"minecraft:cobblestone_slab":1,"minecraft:dirt":9,"luminousworld:grassvariant_3":2,"minecraft:stone":21,"minecraft:oak_leaves":1},"minecraft:picked_up":{"minecraft:birch_log":6,"luminousworld:groundpebbles_1":1,"minecraft:crafting_table":4,"illagerinvasion:platinum_chunk":1,"minecraft:chicken":1,"minecraft:birch_planks":1,"minecraft:oak_log":11,"minecraft:chain":2,"minecraft:dirt":10,"minecraft:iron_leggings":1,"minecraft:cooked_chicken":1,"minecraft:cobblestone_slab":1,"minecraft:oak_planks":1,"minecraft:furnace":2,"minecraft:dark_oak_slab":1,"minecraft:raw_iron":2,"born_in_chaos_v1:ethereal_spirit":1,"minecraft:dark_oak_log":3,"minecraft:dark_oak_planks":5,"luminousworld:whiteoaklog":9,"minecraft:emerald":1,"minecraft:dark_oak_fence":1,"minecraft:cobblestone":21},"minecraft:dropped":{"minecraft:dark_oak_slab":1,"minecraft:cobblestone_slab":1,"minecraft:dark_oak_fence":1,"luminousworld:groundpebbles_1":1,"minecraft:wooden_axe":1,"minecraft:chain":1,"minecraft:wooden_sword":1,"minecraft:wooden_pickaxe":1},"minecraft:killed":{"earthmobsmod:duck":1,"born_in_chaos_v1:restless_spirit":1,"enemyexpansion:direwolf":1,"minecraft:pillager":1,"iceandfire:dread_thrall":2},"minecraft:custom":{"minecraft:interact_with_furnace":3,"minecraft:mob_kills":6,"tombstone:raider_killed":1,"minecraft:interact_with_crafting_table":8,"minecraft:leave_game":1,"minecraft:time_since_death":0,"minecraft:climb_one_cm":19945,"minecraft:time_since_rest":3804,"minecraft:sprint_one_cm":74833,"minecraft:damage_taken":731,"minecraft:walk_one_cm":56583,"minecraft:damage_blocked_by_shield":130,"minecraft:drop":8,"minecraft:damage_dealt":1919,"minecraft:damage_dealt_absorbed":80,"minecraft:swim_one_cm":10761,"minecraft:fly_one_cm":193149,"minecraft:open_chest":8,"minecraft:crouch_one_cm":5064,"minecraft:play_time":35178,"tombstone:undead_killed":2,"minecraft:deaths":3,"minecraft:sneak_time":2887,"minecraft:walk_under_water_one_cm":2515,"minecraft:jump":490,"minecraft:walk_on_water_one_cm":983,"minecraft:total_world_time":35178,"minecraft:fall_one_cm":7644}},"DataVersion":3465}