{"stats":{"minecraft:crafted":{"minecraft:wooden_sword":1,"minecraft:oak_planks":44,"ecologics:coconut_planks":36,"ecologics:walnut_planks":20,"minecraft:furnace":1,"luminousworld:white_oak_plank":36,"minecraft:stone_pickaxe":1,"minecraft:dark_oak_planks":20,"minecraft:crafting_table":1,"minecraft:wooden_pickaxe":1,"minecraft:birch_planks":24,"minecraft:stone_axe":1,"minecraft:air":0,"minecraft:shield":1,"minecraft:stick":16,"minecraft:iron_ingot":1,"minecraft:wooden_axe":1,"minecraft:stone_sword":1},"minecraft:killed_by":{"minecraft:creeper":2,"minecraft:pillager":1},"minecraft:used":{"minecraft:stone_sword":120,"born_in_chaos_v1:ethereal_spirit":7,"minecraft:tropical_fish":1,"minecraft:spruce_planks":1,"minecraft:shield":13,"tombstone:lollipop":1,"minecraft:cooked_chicken":1,"minecraft:dirt":10,"minecraft:spruce_stairs":1,"minecraft:wooden_axe":18,"minecraft:dark_oak_planks":22,"minecraft:furnace":2,"minecraft:goat_horn":1,"tombstone:gift":2,"ecologics:coconut_seedling":1,"minecraft:cooked_beef":1,"minecraft:water_bucket":4,"minecraft:birch_planks":22,"minecraft:stone_pickaxe":44,"minecraft:oak_planks":26,"minecraft:wooden_pickaxe":3,"luminousworld:white_oak_plank":16,"minecraft:crafting_table":5,"minecraft:stone_axe":86,"minecraft:wooden_sword":1,"minecraft:cobblestone":5,"born_in_chaos_v1:river_mint":1,"minecraft:cooked_porkchop":2,"minecraft:bucket":4,"minecraft:chain":1,"alexsmobs:animal_dictionary":1},"minecraft:mined":{"undead_revamp2:arapholia":1,"minecraft:dark_oak_planks":8,"luminousworld:groundpebbles_1":1,"minecraft:spruce_planks":3,"luminousworld:grassvariant_4":1,"minecraft:dark_oak_log":3,"minecraft:dark_oak_fence":1,"minecraft:grass_block":2,"ecologics:coconut_leaves":1,"luminousworld:grassvariant_2":7,"ecologics:coconut_log":18,"luminousworld:white_oak_plank":1,"minecraft:furnace":2,"minecraft:iron_ore":2,"minecraft:pumpkin":3,"minecraft:cobblestone_slab":1,"ecologics:walnut_log":5,"minecraft:stone":25,"minecraft:spruce_slab":2,"quark:dark_oak_chest":1,"minecraft:powder_snow":11,"minecraft:crafting_table":4,"ecologics:walnut_leaves":1,"minecraft:tall_grass":1,"minecraft:oak_planks":1,"luminousworld:whiteoaklog":9,"minecraft:spruce_stairs":3,"minecraft:birch_planks":4,"minecraft:dark_oak_slab":1,"minecraft:birch_log":6,"minecraft:birch_leaves":2,"born_in_chaos_v1:river_mint":2,"minecraft:grass":11,"minecraft:coal_ore":16,"minecraft:oak_log":11,"minecraft:dirt":9,"luminousworld:grassvariant_3":3,"born_in_chaos_v1:infernal_evil_pumpkin_s":1,"minecraft:oak_leaves":1},"minecraft:broken":{"minecraft:stone_sword":1,"minecraft:leather_chestplate":1,"minecraft:stone_axe":1},"minecraft:picked_up":{"luminousworld:groundpebbles_1":2,"minecraft:crafting_table":4,"born_in_chaos_v1:river_mint":1,"illagerinvasion:platinum_chunk":1,"minecraft:chicken":5,"minecraft:chain":2,"minecraft:iron_leggings":1,"minecraft:spruce_planks":5,"minecraft:beef":5,"minecraft:cobblestone_slab":1,"minecraft:spruce_slab":4,"luminousworld:white_oak_plank":1,"minecraft:furnace":2,"minecraft:raw_iron":2,"ecologics:walnut_log":5,"ecologics:coconut_seedling":1,"minecraft:spruce_stairs":3,"minecraft:porkchop":2,"tombstone:grave_dust":4,"tombstone:lollipop":1,"minecraft:dark_oak_planks":7,"minecraft:rotten_flesh":3,"ecologics:coconut_log":18,"undead_revamp2:arapholia":1,"minecraft:cobblestone":25,"minecraft:birch_log":6,"minecraft:leather_chestplate":1,"minecraft:feather":4,"minecraft:cooked_beef":5,"minecraft:leather":3,"minecraft:birch_planks":4,"minecraft:oak_log":11,"minecraft:dirt":16,"minecraft:wheat_seeds":1,"minecraft:cooked_chicken":5,"minecraft:oak_planks":1,"minecraft:dark_oak_slab":1,"minecraft:cooked_porkchop":2,"minecraft:pumpkin":3,"born_in_chaos_v1:ethereal_spirit":1,"minecraft:dark_oak_log":3,"luminousworld:whiteoaklog":9,"minecraft:bundle":2,"minecraft:iron_helmet":2,"minecraft:emerald":1,"minecraft:dark_oak_fence":1,"minecraft:coal":16},"minecraft:dropped":{"minecraft:wheat_seeds":1,"minecraft:dark_oak_slab":1,"minecraft:iron_helmet":1,"minecraft:dark_oak_fence":1,"minecraft:wooden_axe":1,"minecraft:chain":1,"minecraft:wooden_sword":1,"undead_revamp2:arapholia":1,"minecraft:rotten_flesh":1,"minecraft:cobblestone_slab":1,"minecraft:spruce_planks":4,"luminousworld:groundpebbles_1":1,"minecraft:wooden_pickaxe":1},"minecraft:custom":{"minecraft:mob_kills":25,"minecraft:interact_with_crafting_table":9,"minecraft:open_barrel":8,"minecraft:interact_with_campfire":11,"minecraft:leave_game":4,"minecraft:time_since_death":3044,"minecraft:climb_one_cm":19945,"minecraft:sprint_one_cm":112767,"minecraft:walk_one_cm":169602,"minecraft:damage_blocked_by_shield":250,"minecraft:drop":15,"tombstone:eaten_lollipop":1,"minecraft:damage_dealt_absorbed":80,"minecraft:play_time":58198,"minecraft:deaths":4,"minecraft:sneak_time":5305,"minecraft:walk_under_water_one_cm":3316,"minecraft:jump":873,"minecraft:walk_on_water_one_cm":8844,"minecraft:total_world_time":58198,"minecraft:interact_with_furnace":4,"tombstone:raider_killed":1,"minecraft:time_since_rest":2798,"minecraft:damage_taken":1391,"minecraft:damage_dealt":5375,"minecraft:swim_one_cm":11509,"minecraft:fly_one_cm":257201,"minecraft:open_chest":8,"minecraft:crouch_one_cm":14525,"tombstone:undead_killed":11,"minecraft:fall_one_cm":17923},"minecraft:killed":{"earthmobsmod:duck":1,"born_in_chaos_v1:restless_spirit":1,"enemyexpansion:direwolf":1,"iceandfire:dread_thrall":2,"minecraft:chicken":4,"minecraft:pig":1,"naturalist:butterfly":1,"minecraft:pillager":1,"minecraft:zombie":8,"iceandfire:ghost":1,"ecologics:squirrel":1,"minecraft:cow":3}},"DataVersion":3465}