{"stats":{"minecraft:broken":{"minecraft:diamond_helmet":2,"vanillaplustools:iron_hammer":1,"minecraft:iron_chestplate":1,"minecraft:iron_leggings":1,"minecraft:chainmail_boots":1,"minecraft:diamond_boots":1,"minecraft:iron_sword":1,"minecraft:diamond_chestplate":1,"minecraft:diamond_leggings":1,"minecraft:wooden_pickaxe":1,"minecraft:iron_pickaxe":2,"minecraft:iron_helmet":1},"minecraft:killed_by":{"undead_revamp2:the_moonflower":5,"iceandfire:cyclops":3,"endermanoverhaul:cave_enderman":2,"born_in_chaos_v1:corpse_fly":3,"alexsmobs:murmur_head":1,"undead_revamp2:clogger":1,"luminousworld:swamp_skeleton":1,"cataclysm:deepling":1,"enemyexpansion:sprinter":2,"minecraft:cave_spider":1,"minecraft:zombie":4,"iceandfire:fire_dragon":6,"enemyexpansion:invisicreeper":2,"enemyexpansion:trollenraged":2,"minecraft:spider":1,"undead_revamp2:thehorrors":1,"iceandfire:gorgon":2,"minecraft:skeleton":7,"iceandfire:ghost":2,"luminousworld:savannah_zombie":1,"born_in_chaos_v1:maggot":1},"minecraft:used":{"iceandfire:tide_trident":4,"minecraft:ladder":2,"minecraft:iron_sword":244,"tombstone:lollipop":7,"minecraft:rotten_flesh":13,"supplementaries:ash":4,"minecraft:stone_pickaxe":43,"minecraft:wooden_pickaxe":59,"minecraft:diamond_axe":282,"vanillaplustools:diamond_hammer":1,"born_in_chaos_v1:monster_flesh":2,"minecraft:bread":17,"tombstone:grave_key":69,"minecraft:diamond_sword":390,"minecraft:torch":10,"minecraft:dirt":20,"minecraft:iron_axe":103,"minecraft:iron_boots":1,"minecraft:beef":2,"tombstone:gift":8,"iceandfire:fire_dragon_flesh":2,"minecraft:salmon":10,"minecraft:crafting_table":7,"tombstone:bag_of_seeds":3,"minecraft:diamond_pickaxe":91,"minecraft:iron_pickaxe":1005,"tombstone:magic_scroll":1,"minecraft:cobblestone":73,"vanillaplustools:iron_hammer":353,"alexsmobs:animal_dictionary":1},"minecraft:crafted":{"minecraft:oak_planks":32,"minecraft:diamond_helmet":1,"minecraft:diamond_leggings":1,"minecraft:crafting_table":2,"minecraft:wooden_pickaxe":1,"minecraft:stick":16,"quark:oak_chest":1,"minecraft:iron_ingot":12,"minecraft:iron_pickaxe":2,"minecraft:gold_ingot":62,"minecraft:ladder":4,"minecraft:stone_pickaxe":1,"minecraft:diamond_boots":1,"minecraft:iron_sword":1,"minecraft:air":0,"minecraft:iron_leggings":1,"minecraft:torch":12,"minecraft:diamond_chestplate":1},"minecraft:picked_up":{"minecraft:chainmail_boots":1,"minecraft:enchanted_book":1,"minecraft:amethyst_block":2,"born_in_chaos_v1:black_argillite":3,"minecraft:string":11,"minecraft:raw_copper":67,"minecraft:iron_leggings":1,"minecraft:activator_rail":4,"minecraft:gold_nugget":610,"minecraft:cobbled_deepslate":448,"minecraft:calcite":3,"minecraft:iron_pickaxe":3,"minecraft:iron_boots":1,"minecraft:stick":3,"born_in_chaos_v1:shattered_skull":4,"minecraft:torch":463,"minecraft:acacia_log":2,"minecraft:porkchop":15,"tombstone:grave_dust":23,"minecraft:diorite":43,"tombstone:lollipop":8,"undead_revamp2:cloogerribs":36,"minecraft:rotten_flesh":139,"supplementaries:antique_ink":3,"iceandfire:fire_dragon_heart":3,"supplementaries:ash":47,"minecraft:cobblestone":439,"minecraft:birch_log":4,"minecraft:feather":2,"minecraft:andesite":27,"minecraft:potato":1,"minecraft:flint":1,"minecraft:tuff":36,"supplementaries:flax_seeds":2,"minecraft:lapis_lazuli":56,"minecraft:dirt":49,"born_in_chaos_v1:monster_skin":3,"born_in_chaos_v1:marigolds":2,"minecraft:bone":121,"minecraft:wheat_seeds":7,"minecraft:raw_gold":14,"tombstone:scroll_of_reach":1,"minecraft:powered_rail":4,"minecraft:oak_planks":18,"earthmobsmod:harder_flesh":2,"iceandfire:dragon_skull_fire":3,"alexsmobs:animal_dictionary":1,"minecraft:mossy_cobblestone":4,"minecraft:dark_prismarine":1,"minecraft:bundle":2,"minecraft:iron_hoe":2,"minecraft:sugar":4,"minecraft:diamond":102,"iceandfire:lectern":1,"minecraft:crossbow":1,"minecraft:granite":50,"minecraft:emerald":19,"minecraft:bread":27,"minecraft:chainmail_helmet":2,"iceandfire:gorgon_head":1,"iceandfire:tide_trident":1,"iceandfire:raw_silver":8,"born_in_chaos_v1:diamond_termite_shard":3,"minecraft:crafting_table":6,"minecraft:chicken":3,"minecraft:ladder":2,"minecraft:gold_block":2,"minecraft:iron_axe":3,"iceandfire:bestiary":1,"minecraft:beef":2,"minecraft:raw_iron":213,"iceandfire:dragonscales_gray":40,"iceandfire:dragonbone":28,"iceandfire:dragonscales_green":13,"minecraft:copper_ingot":6,"minecraft:cookie":5,"born_in_chaos_v1:pieceofdarkmetal":5,"minecraft:redstone":2,"minecraft:arrow":5,"tombstone:essence_of_undeath":1,"minecraft:mutton":3,"minecraft:skeleton_skull":3,"minecraft:white_wool":4,"born_in_chaos_v1:corpse_maggot":5,"born_in_chaos_v1:monster_flesh":6,"luminousworld:ishstone":44,"minecraft:leather":2,"artifacts:anglers_hat":1,"minecraft:oak_log":16,"iceandfire:ectoplasm":2,"minecraft:gunpowder":8,"tombstone:gift":2,"earthmobsmod:fancy_feather":4,"minecraft:iron_ingot":18,"minecraft:stone_pickaxe":1,"tombstone:bag_of_seeds":4,"minecraft:iron_sword":1,"iceandfire:fire_dragon_flesh":8,"iceandfire:copper_nugget":21,"minecraft:smooth_basalt":28,"iceandfire:ash":2,"minecraft:gravel":13,"minecraft:spruce_log":2,"quark:oak_chest":1,"minecraft:slime_ball":13,"minecraft:iron_helmet":3,"minecraft:diamond_axe":2,"tombstone:magic_scroll":5,"minecraft:coal":54,"minecraft:ender_pearl":1},"minecraft:dropped":{"iceandfire:raw_silver":1,"minecraft:iron_sword":1,"minecraft:oak_log":8,"minecraft:diamond":1,"minecraft:crafting_table":1,"minecraft:cookie":5,"iceandfire:fire_dragon_flesh":2,"minecraft:leather":2,"minecraft:flint":1,"minecraft:gold_block":1,"born_in_chaos_v1:monster_flesh":3,"minecraft:dirt":46,"tombstone:bag_of_seeds":2,"iceandfire:ash":2,"minecraft:sugar":4,"minecraft:iron_pickaxe":2,"minecraft:birch_log":4,"minecraft:white_wool":2,"quark:oak_chest":1,"minecraft:bone":103,"minecraft:gravel":13,"minecraft:cobbled_deepslate":373,"alexsmobs:animal_dictionary":1,"minecraft:rotten_flesh":72,"minecraft:oak_planks":22,"minecraft:carrot":9,"supplementaries:ash":27,"minecraft:gunpowder":2,"minecraft:skeleton_skull":2,"minecraft:melon_seeds":4,"born_in_chaos_v1:corpse_maggot":4,"minecraft:ladder":2,"minecraft:arrow":5,"minecraft:powered_rail":4,"born_in_chaos_v1:marigolds":2,"minecraft:golden_boots":1,"minecraft:iron_ingot":3,"minecraft:bread":16,"born_in_chaos_v1:shattered_skull":2,"minecraft:wheat_seeds":6,"luminousworld:ishstone":40,"minecraft:mossy_cobblestone":3,"iceandfire:dragonscales_green":4,"minecraft:iron_helmet":2,"minecraft:feather":2,"minecraft:cobblestone":118,"minecraft:amethyst_block":2,"minecraft:granite":50,"minecraft:activator_rail":4,"minecraft:acacia_log":2,"minecraft:chainmail_helmet":1,"minecraft:diorite":42,"iceandfire:copper_nugget":7,"tombstone:grave_dust":7,"minecraft:iron_leggings":1,"minecraft:paper":2,"minecraft:string":5,"minecraft:redstone":2,"iceandfire:dragonscales_gray":15,"minecraft:furnace":1,"minecraft:raw_copper":3,"minecraft:tuff":36,"minecraft:chicken":3,"minecraft:iron_hoe":2,"earthmobsmod:harder_flesh":2,"minecraft:pumpkin_seeds":6,"minecraft:potato":9,"minecraft:bundle":1,"minecraft:andesite":9,"earthmobsmod:fancy_feather":4,"sophisticatedbackpacks:copper_backpack":1,"iceandfire:fire_dragon_heart":2,"minecraft:stone_pickaxe":2,"minecraft:calcite":3,"minecraft:dark_prismarine":1},"minecraft:custom":{"minecraft:interact_with_crafting_table":28,"minecraft:open_barrel":15,"minecraft:leave_game":11,"minecraft:time_since_death":13849,"minecraft:sprint_one_cm":356646,"minecraft:drop":189,"tombstone:eaten_lollipop":7,"minecraft:talked_to_villager":3,"minecraft:play_time":329229,"minecraft:deaths":56,"minecraft:jump":3899,"minecraft:walk_on_water_one_cm":58706,"minecraft:interact_with_furnace":3,"minecraft:damage_dealt":55123,"minecraft:crouch_one_cm":9752,"tombstone:undead_killed":99,"minecraft:mob_kills":225,"minecraft:damage_dealt_resisted":2651,"minecraft:climb_one_cm":10879,"minecraft:walk_one_cm":845695,"minecraft:sneak_time":5656,"minecraft:walk_under_water_one_cm":51123,"minecraft:interact_with_blast_furnace":1,"minecraft:total_world_time":329229,"tombstone:raider_killed":2,"minecraft:tune_noteblock":3,"minecraft:time_since_rest":13554,"minecraft:damage_taken":2147483647,"minecraft:trigger_trapped_chest":6,"minecraft:swim_one_cm":98115,"minecraft:fly_one_cm":966920,"minecraft:open_chest":69,"minecraft:fall_one_cm":253283},"minecraft:killed":{"luminousworld:miner_zombie":3,"earthmobsmod:duck":2,"minecraft:cave_spider":7,"minecraft:witch":2,"born_in_chaos_v1:restless_spirit":1,"born_in_chaos_v1:zombie_lumberjack":3,"minecraft:spider":5,"iceandfire:gorgon":1,"enemyexpansion:equestrian":1,"undead_revamp2:clogger":1,"undead_revamp2:thesmoker":2,"undead_revamp2:theswarmer":1,"naturalist:snail":1,"minecraft:skeleton":15,"undead_revamp2:deadclogger":1,"minecraft:bee":3,"born_in_chaos_v1:skeleton_thrasher":1,"undead_revamp2:therod":2,"artifacts:mimic":1,"minecraft:pig":8,"born_in_chaos_v1:diamond_termite":6,"minecraft:creeper":7,"minecraft:sheep":3,"minecraft:zombie":28,"born_in_chaos_v1:dread_hound":5,"cataclysm:deepling":1,"born_in_chaos_v1:corpse_fly":12,"enemyexpansion:botfly":12,"born_in_chaos_v1:door_knight":3,"minecraft:cow":1,"enemyexpansion:intruder":1,"enemyexpansion:direwolf":12,"born_in_chaos_v1:maggot":10,"enemyexpansion:faller":1,"iceandfire:fire_dragon":3,"earthmobsmod:teacup_pig":1,"earthmobsmod:fancy_chicken":1,"undead_revamp2:thehorrors":1,"enemyexpansion:goblin":3,"luminousworld:savannah_zombie":1,"alexsmobs:rocky_roller":1,"born_in_chaos_v1:barrel_zombie":1,"born_in_chaos_v1:fallen_chaos_knight":1,"earthmobsmod:bouldering_zombie":2,"iceandfire:cyclops":1,"born_in_chaos_v1:baby_skeleton":1,"born_in_chaos_v1:swarmer":1,"undead_revamp2:the_moonflower":8,"enemyexpansion:troll":1,"enemyexpansion:sprinter":6,"born_in_chaos_v1:decrepit_skeleton":6,"undead_revamp2:thesomnolence":2,"endermanoverhaul:cave_enderman":2,"iceandfire:ghost":6,"born_in_chaos_v1:dark_vortex":1,"enemyexpansion:huntsman":1,"minecraft:enderman":1,"enemyexpansion:slugger":2},"minecraft:mined":{"iceandfire:copper_pile":2,"minecraft:granite":163,"minecraft:budding_amethyst":1,"minecraft:grass_block":4,"iceandfire:lectern":1,"minecraft:spawner":3,"minecraft:iron_ore":160,"minecraft:fire":2,"minecraft:deepslate_lapis_ore":1,"minecraft:pointed_dripstone":20,"iceandfire:gold_pile":85,"quark:warped_chest":1,"minecraft:medium_amethyst_bud":2,"minecraft:torch":1,"minecraft:calcite":23,"iceandfire:ghost_chest":1,"minecraft:cobblestone":17,"minecraft:iron_door":1,"minecraft:wall_torch":3,"minecraft:amethyst_block":16,"minecraft:deepslate_copper_ore":5,"minecraft:grass":25,"minecraft:oak_log":18,"minecraft:dirt":16,"luminousworld:grassvariant_3":3,"minecraft:smooth_basalt":45,"minecraft:oak_leaves":2,"minecraft:deepslate":1660,"minecraft:dark_prismarine":1,"minecraft:tuff":85,"iceandfire:silver_ore":8,"minecraft:mossy_cobblestone":8,"minecraft:deepslate_diamond_ore":74,"luminousworld:grassvariant_4":1,"born_in_chaos_v1:infected_diamond_ore":8,"minecraft:spruce_fence":1,"born_in_chaos_v1:black_argillite":9,"luminousworld:grassvariant_2":3,"minecraft:spruce_leaves":2,"minecraft:andesite":186,"minecraft:gold_block":2,"minecraft:deepslate_iron_ore":66,"minecraft:vine":2,"minecraft:stone":893,"iceandfire:podium_spruce":1,"minecraft:glass_pane":1,"born_in_chaos_v1:marigolds":1,"minecraft:crafting_table":5,"luminousworld:grassflowers":1,"minecraft:copper_ore":13,"minecraft:lapis_ore":8,"minecraft:deepslate_gold_ore":15,"minecraft:diorite":100,"supplementaries:urn":40,"minecraft:cobblestone_wall":1,"iceandfire:ash":1,"minecraft:bee_nest":1,"minecraft:coal_ore":60,"luminousworld:ishstone":143,"minecraft:gravel":20,"minecraft:dripstone_block":61,"minecraft:cobweb":1,"minecraft:stone_bricks":1,"minecraft:gold_ore":4}},"DataVersion":3465}