{"stats":{"minecraft:picked_up":{"born_in_chaos_v1:diamond_termite_shard":3,"minecraft:crafting_table":3,"minecraft:chainmail_boots":1,"minecraft:amethyst_block":2,"minecraft:iron_axe":3,"minecraft:raw_copper":61,"minecraft:cobbled_deepslate":7,"minecraft:calcite":3,"minecraft:iron_pickaxe":2,"minecraft:iron_boots":1,"minecraft:raw_iron":143,"minecraft:stick":3,"minecraft:torch":4,"tombstone:grave_dust":9,"minecraft:diorite":39,"born_in_chaos_v1:pieceofdarkmetal":5,"minecraft:redstone":2,"tombstone:lollipop":1,"minecraft:rotten_flesh":50,"tombstone:essence_of_undeath":1,"supplementaries:ash":6,"minecraft:cobblestone":310,"minecraft:andesite":9,"luminousworld:ishstone":26,"artifacts:anglers_hat":1,"minecraft:flint":1,"minecraft:oak_log":8,"minecraft:gunpowder":3,"minecraft:lapis_lazuli":50,"minecraft:dirt":16,"tombstone:gift":1,"born_in_chaos_v1:marigolds":2,"minecraft:bone":28,"minecraft:wheat_seeds":2,"minecraft:raw_gold":2,"minecraft:iron_ingot":3,"minecraft:stone_pickaxe":1,"minecraft:oak_planks":18,"minecraft:iron_sword":1,"minecraft:smooth_basalt":28,"minecraft:gravel":2,"earthmobsmod:harder_flesh":2,"alexsmobs:animal_dictionary":1,"minecraft:sugar":4,"minecraft:diamond":19,"minecraft:granite":42,"minecraft:emerald":7,"minecraft:bread":24,"minecraft:coal":54,"iceandfire:raw_silver":7},"minecraft:custom":{"minecraft:mob_kills":53,"minecraft:interact_with_crafting_table":4,"minecraft:open_barrel":3,"minecraft:damage_dealt_resisted":1897,"minecraft:leave_game":5,"minecraft:time_since_death":374,"minecraft:climb_one_cm":336,"minecraft:sprint_one_cm":65978,"minecraft:walk_one_cm":220045,"minecraft:drop":63,"tombstone:eaten_lollipop":1,"minecraft:play_time":105869,"minecraft:deaths":18,"minecraft:sneak_time":2323,"minecraft:walk_under_water_one_cm":18143,"minecraft:jump":967,"minecraft:interact_with_blast_furnace":1,"minecraft:walk_on_water_one_cm":23135,"minecraft:total_world_time":105869,"minecraft:interact_with_furnace":3,"tombstone:raider_killed":1,"minecraft:time_since_rest":332,"minecraft:damage_taken":4753,"minecraft:damage_dealt":11140,"minecraft:swim_one_cm":36548,"minecraft:fly_one_cm":100374,"minecraft:open_chest":1,"minecraft:crouch_one_cm":3006,"tombstone:undead_killed":25,"minecraft:fall_one_cm":26558},"minecraft:broken":{"vanillaplustools:iron_hammer":1,"minecraft:wooden_pickaxe":1,"minecraft:iron_sword":1},"minecraft:used":{"minecraft:iron_sword":244,"tombstone:lollipop":1,"minecraft:rotten_flesh":6,"minecraft:torch":4,"minecraft:iron_axe":18,"minecraft:iron_boots":1,"tombstone:gift":6,"minecraft:stone_pickaxe":43,"minecraft:wooden_pickaxe":59,"minecraft:crafting_table":4,"minecraft:iron_pickaxe":350,"tombstone:grave_key":27,"minecraft:cobblestone":40,"vanillaplustools:iron_hammer":248,"alexsmobs:animal_dictionary":1},"minecraft:dropped":{"minecraft:bread":16,"minecraft:iron_sword":1,"minecraft:wheat_seeds":1,"luminousworld:ishstone":22,"minecraft:cobblestone":28,"minecraft:amethyst_block":2,"minecraft:granite":42,"minecraft:flint":1,"minecraft:dirt":16,"minecraft:diorite":39,"minecraft:sugar":4,"minecraft:iron_pickaxe":1,"minecraft:bone":18,"minecraft:redstone":2,"minecraft:cobbled_deepslate":7,"alexsmobs:animal_dictionary":1,"minecraft:rotten_flesh":23,"minecraft:oak_planks":18,"earthmobsmod:harder_flesh":2,"supplementaries:ash":6,"minecraft:gunpowder":2,"minecraft:andesite":9,"minecraft:stone_pickaxe":2,"minecraft:calcite":3,"born_in_chaos_v1:marigolds":2},"minecraft:killed":{"luminousworld:miner_zombie":3,"minecraft:cave_spider":1,"minecraft:witch":1,"born_in_chaos_v1:zombie_lumberjack":1,"enemyexpansion:equestrian":1,"born_in_chaos_v1:maggot":2,"naturalist:snail":1,"minecraft:skeleton":1,"enemyexpansion:faller":1,"born_in_chaos_v1:skeleton_thrasher":1,"alexsmobs:rocky_roller":1,"artifacts:mimic":1,"born_in_chaos_v1:fallen_chaos_knight":1,"earthmobsmod:bouldering_zombie":1,"born_in_chaos_v1:diamond_termite":5,"undead_revamp2:the_moonflower":1,"enemyexpansion:sprinter":3,"minecraft:creeper":1,"born_in_chaos_v1:decrepit_skeleton":2,"endermanoverhaul:cave_enderman":2,"minecraft:zombie":9,"born_in_chaos_v1:corpse_fly":3,"enemyexpansion:botfly":5,"enemyexpansion:slugger":1},"minecraft:killed_by":{"undead_revamp2:the_moonflower":4,"endermanoverhaul:cave_enderman":2,"born_in_chaos_v1:corpse_fly":2,"minecraft:cave_spider":1,"minecraft:skeleton":2,"minecraft:zombie":1,"born_in_chaos_v1:maggot":1,"enemyexpansion:invisicreeper":1},"minecraft:mined":{"minecraft:tuff":42,"iceandfire:silver_ore":7,"minecraft:deepslate_diamond_ore":19,"born_in_chaos_v1:infected_diamond_ore":5,"minecraft:granite":155,"minecraft:budding_amethyst":1,"minecraft:grass_block":3,"born_in_chaos_v1:black_argillite":6,"luminousworld:grassvariant_2":1,"minecraft:spruce_leaves":2,"minecraft:iron_ore":132,"minecraft:andesite":168,"minecraft:deepslate_lapis_ore":1,"minecraft:pointed_dripstone":20,"minecraft:deepslate_iron_ore":23,"minecraft:stone":844,"born_in_chaos_v1:marigolds":1,"minecraft:medium_amethyst_bud":2,"minecraft:crafting_table":3,"minecraft:calcite":22,"minecraft:cobblestone":4,"minecraft:copper_ore":13,"minecraft:lapis_ore":8,"minecraft:deepslate_gold_ore":2,"minecraft:diorite":97,"minecraft:amethyst_block":16,"minecraft:deepslate_copper_ore":5,"supplementaries:urn":8,"minecraft:grass":5,"minecraft:oak_log":10,"minecraft:coal_ore":60,"luminousworld:ishstone":131,"minecraft:dirt":7,"minecraft:dripstone_block":61,"minecraft:gravel":3,"luminousworld:grassvariant_3":1,"minecraft:cobweb":1,"minecraft:smooth_basalt":29,"minecraft:oak_leaves":1,"minecraft:deepslate":481},"minecraft:crafted":{"minecraft:oak_planks":32,"minecraft:stone_pickaxe":1,"minecraft:crafting_table":2,"minecraft:wooden_pickaxe":1,"minecraft:iron_sword":1,"minecraft:air":0,"minecraft:stick":8,"quark:oak_chest":1,"minecraft:iron_ingot":12,"minecraft:iron_pickaxe":1,"minecraft:torch":12}},"DataVersion":3465}