{"stats":{"minecraft:picked_up":{"minecraft:crafting_table":2,"minecraft:andesite":9,"luminousworld:ishstone":9,"minecraft:flint":1,"minecraft:oak_log":8,"minecraft:gunpowder":3,"minecraft:amethyst_block":2,"minecraft:lapis_lazuli":34,"minecraft:dirt":8,"minecraft:raw_copper":11,"tombstone:gift":1,"minecraft:iron_axe":3,"born_in_chaos_v1:marigolds":1,"minecraft:bone":23,"minecraft:wheat_seeds":2,"minecraft:raw_gold":2,"minecraft:iron_ingot":1,"minecraft:calcite":3,"minecraft:iron_pickaxe":1,"minecraft:iron_sword":1,"minecraft:stick":3,"minecraft:raw_iron":32,"minecraft:smooth_basalt":10,"minecraft:gravel":1,"minecraft:diorite":3,"born_in_chaos_v1:pieceofdarkmetal":1,"tombstone:lollipop":1,"minecraft:rotten_flesh":27,"minecraft:granite":9,"minecraft:coal":51,"iceandfire:raw_silver":6,"minecraft:cobblestone":148},"minecraft:custom":{"minecraft:interact_with_furnace":2,"minecraft:mob_kills":10,"minecraft:interact_with_crafting_table":3,"minecraft:damage_dealt_resisted":1887,"minecraft:leave_game":2,"minecraft:time_since_death":4246,"minecraft:time_since_rest":4001,"minecraft:sprint_one_cm":29549,"minecraft:damage_taken":2610,"minecraft:walk_one_cm":84288,"minecraft:drop":25,"tombstone:eaten_lollipop":1,"minecraft:damage_dealt":3603,"minecraft:swim_one_cm":29311,"minecraft:fly_one_cm":52839,"minecraft:open_chest":1,"minecraft:play_time":50251,"minecraft:crouch_one_cm":2274,"tombstone:undead_killed":6,"minecraft:deaths":10,"minecraft:sneak_time":1590,"minecraft:walk_under_water_one_cm":14050,"minecraft:jump":423,"minecraft:walk_on_water_one_cm":5382,"minecraft:total_world_time":50251,"minecraft:fall_one_cm":13549},"minecraft:broken":{"minecraft:wooden_pickaxe":1},"minecraft:used":{"minecraft:stone_pickaxe":43,"minecraft:wooden_pickaxe":59,"minecraft:iron_sword":82,"tombstone:lollipop":1,"minecraft:torch":4,"minecraft:crafting_table":3,"minecraft:iron_axe":10,"minecraft:iron_pickaxe":230,"tombstone:grave_key":17,"tombstone:gift":4,"alexsmobs:animal_dictionary":1},"minecraft:dropped":{"minecraft:iron_sword":1,"minecraft:wheat_seeds":1,"luminousworld:ishstone":9,"minecraft:rotten_flesh":23,"minecraft:gunpowder":2,"minecraft:andesite":9,"minecraft:bone":18},"minecraft:killed":{"luminousworld:miner_zombie":2,"enemyexpansion:equestrian":1,"undead_revamp2:the_moonflower":1,"minecraft:creeper":1,"born_in_chaos_v1:maggot":1,"born_in_chaos_v1:decrepit_skeleton":1,"naturalist:snail":1,"born_in_chaos_v1:skeleton_thrasher":1},"minecraft:killed_by":{"undead_revamp2:the_moonflower":4,"minecraft:skeleton":1,"minecraft:zombie":1},"minecraft:mined":{"born_in_chaos_v1:marigolds":1,"iceandfire:silver_ore":6,"minecraft:medium_amethyst_bud":2,"minecraft:crafting_table":2,"minecraft:granite":9,"minecraft:budding_amethyst":1,"minecraft:grass_block":3,"minecraft:calcite":4,"luminousworld:grassvariant_2":1,"minecraft:copper_ore":4,"minecraft:lapis_ore":6,"minecraft:deepslate_gold_ore":2,"minecraft:diorite":3,"minecraft:amethyst_block":2,"minecraft:iron_ore":32,"minecraft:andesite":9,"minecraft:grass":5,"minecraft:oak_log":10,"minecraft:pointed_dripstone":2,"minecraft:coal_ore":51,"luminousworld:ishstone":9,"minecraft:deepslate_iron_ore":1,"minecraft:gravel":2,"minecraft:dirt":5,"luminousworld:grassvariant_3":1,"minecraft:smooth_basalt":10,"minecraft:stone":158,"minecraft:oak_leaves":1},"minecraft:crafted":{"minecraft:oak_planks":32,"minecraft:crafting_table":2,"minecraft:wooden_pickaxe":1,"minecraft:iron_sword":1,"minecraft:air":0,"minecraft:stick":8,"quark:oak_chest":1,"minecraft:iron_ingot":12,"minecraft:stone_pickaxe":1,"minecraft:torch":8}},"DataVersion":3465}