{"stats":{"minecraft:picked_up":{"born_in_chaos_v1:diamond_termite_shard":3,"minecraft:crafting_table":3,"minecraft:chainmail_boots":1,"minecraft:amethyst_block":2,"minecraft:string":4,"minecraft:iron_axe":3,"minecraft:raw_copper":64,"minecraft:gold_nugget":22,"minecraft:cobbled_deepslate":205,"minecraft:calcite":3,"minecraft:iron_pickaxe":2,"minecraft:iron_boots":1,"minecraft:raw_iron":186,"minecraft:stick":3,"minecraft:torch":18,"tombstone:grave_dust":9,"minecraft:diorite":42,"born_in_chaos_v1:pieceofdarkmetal":5,"minecraft:redstone":2,"tombstone:lollipop":2,"minecraft:rotten_flesh":54,"supplementaries:antique_ink":3,"tombstone:essence_of_undeath":1,"supplementaries:ash":18,"minecraft:skeleton_skull":1,"minecraft:cobblestone":327,"born_in_chaos_v1:monster_flesh":1,"minecraft:andesite":9,"luminousworld:ishstone":31,"artifacts:anglers_hat":1,"minecraft:flint":1,"minecraft:tuff":4,"minecraft:oak_log":8,"supplementaries:flax_seeds":2,"minecraft:gunpowder":5,"minecraft:lapis_lazuli":56,"minecraft:dirt":25,"tombstone:gift":1,"born_in_chaos_v1:marigolds":2,"minecraft:bone":40,"minecraft:wheat_seeds":2,"minecraft:raw_gold":14,"minecraft:iron_ingot":13,"minecraft:stone_pickaxe":1,"minecraft:oak_planks":18,"minecraft:iron_sword":1,"minecraft:smooth_basalt":28,"minecraft:gravel":13,"earthmobsmod:harder_flesh":2,"alexsmobs:animal_dictionary":1,"minecraft:mossy_cobblestone":4,"minecraft:sugar":4,"minecraft:diamond":21,"minecraft:iron_helmet":1,"minecraft:granite":42,"minecraft:emerald":17,"minecraft:bread":24,"minecraft:coal":54,"iceandfire:raw_silver":7},"minecraft:custom":{"minecraft:mob_kills":71,"minecraft:interact_with_crafting_table":10,"minecraft:open_barrel":3,"minecraft:damage_dealt_resisted":1897,"minecraft:leave_game":6,"minecraft:time_since_death":14975,"minecraft:climb_one_cm":4074,"minecraft:sprint_one_cm":114655,"minecraft:walk_one_cm":318233,"minecraft:drop":71,"tombstone:eaten_lollipop":1,"minecraft:play_time":137130,"minecraft:deaths":20,"minecraft:sneak_time":3561,"minecraft:walk_under_water_one_cm":22064,"minecraft:jump":1451,"minecraft:interact_with_blast_furnace":1,"minecraft:walk_on_water_one_cm":26645,"minecraft:total_world_time":137130,"minecraft:interact_with_furnace":3,"tombstone:raider_killed":1,"minecraft:time_since_rest":14625,"minecraft:damage_taken":6041,"minecraft:damage_dealt":13897,"minecraft:swim_one_cm":36548,"minecraft:fly_one_cm":128091,"minecraft:open_chest":5,"minecraft:crouch_one_cm":5709,"tombstone:undead_killed":29,"minecraft:fall_one_cm":33364},"minecraft:broken":{"vanillaplustools:iron_hammer":1,"minecraft:wooden_pickaxe":1,"minecraft:iron_pickaxe":1,"minecraft:iron_sword":1},"minecraft:used":{"minecraft:ladder":2,"minecraft:iron_sword":244,"tombstone:lollipop":1,"minecraft:rotten_flesh":6,"minecraft:torch":6,"minecraft:iron_axe":51,"minecraft:iron_boots":1,"supplementaries:ash":2,"tombstone:gift":6,"minecraft:stone_pickaxe":43,"minecraft:wooden_pickaxe":59,"minecraft:crafting_table":4,"minecraft:bread":12,"minecraft:iron_pickaxe":718,"tombstone:grave_key":28,"minecraft:cobblestone":46,"vanillaplustools:iron_hammer":248,"alexsmobs:animal_dictionary":1},"minecraft:dropped":{"minecraft:bread":16,"minecraft:iron_sword":1,"minecraft:wheat_seeds":1,"luminousworld:ishstone":22,"minecraft:mossy_cobblestone":3,"minecraft:cobblestone":28,"minecraft:amethyst_block":2,"minecraft:granite":42,"minecraft:flint":1,"minecraft:dirt":16,"minecraft:diorite":42,"minecraft:sugar":4,"minecraft:iron_pickaxe":1,"minecraft:bone":18,"minecraft:redstone":2,"minecraft:gravel":13,"minecraft:cobbled_deepslate":7,"alexsmobs:animal_dictionary":1,"minecraft:rotten_flesh":23,"minecraft:oak_planks":18,"earthmobsmod:harder_flesh":2,"minecraft:pumpkin_seeds":6,"supplementaries:ash":6,"minecraft:gunpowder":2,"minecraft:andesite":9,"minecraft:melon_seeds":4,"minecraft:stone_pickaxe":2,"minecraft:calcite":3,"born_in_chaos_v1:marigolds":2},"minecraft:killed":{"luminousworld:miner_zombie":3,"minecraft:cave_spider":7,"minecraft:witch":1,"born_in_chaos_v1:zombie_lumberjack":1,"enemyexpansion:equestrian":1,"enemyexpansion:direwolf":2,"born_in_chaos_v1:maggot":3,"naturalist:snail":1,"minecraft:skeleton":1,"enemyexpansion:faller":1,"born_in_chaos_v1:skeleton_thrasher":1,"alexsmobs:rocky_roller":1,"artifacts:mimic":1,"born_in_chaos_v1:fallen_chaos_knight":1,"earthmobsmod:bouldering_zombie":1,"born_in_chaos_v1:diamond_termite":6,"undead_revamp2:the_moonflower":1,"enemyexpansion:sprinter":4,"minecraft:creeper":2,"born_in_chaos_v1:decrepit_skeleton":2,"endermanoverhaul:cave_enderman":2,"minecraft:zombie":12,"born_in_chaos_v1:dread_hound":1,"born_in_chaos_v1:corpse_fly":3,"enemyexpansion:botfly":5,"enemyexpansion:slugger":1},"minecraft:killed_by":{"undead_revamp2:the_moonflower":4,"endermanoverhaul:cave_enderman":2,"born_in_chaos_v1:corpse_fly":2,"minecraft:cave_spider":1,"minecraft:skeleton":3,"minecraft:zombie":1,"born_in_chaos_v1:maggot":1,"enemyexpansion:invisicreeper":2},"minecraft:mined":{"minecraft:tuff":48,"iceandfire:silver_ore":7,"minecraft:mossy_cobblestone":1,"minecraft:deepslate_diamond_ore":21,"born_in_chaos_v1:infected_diamond_ore":8,"minecraft:granite":155,"minecraft:budding_amethyst":1,"minecraft:grass_block":3,"born_in_chaos_v1:black_argillite":6,"luminousworld:grassvariant_2":1,"minecraft:spruce_leaves":2,"minecraft:spawner":1,"minecraft:iron_ore":151,"minecraft:andesite":168,"minecraft:deepslate_lapis_ore":1,"minecraft:pointed_dripstone":20,"minecraft:deepslate_iron_ore":48,"minecraft:stone":847,"born_in_chaos_v1:marigolds":1,"minecraft:medium_amethyst_bud":2,"minecraft:crafting_table":3,"minecraft:calcite":23,"minecraft:cobblestone":12,"minecraft:copper_ore":13,"minecraft:lapis_ore":8,"minecraft:deepslate_gold_ore":15,"minecraft:diorite":99,"minecraft:wall_torch":2,"minecraft:amethyst_block":16,"minecraft:deepslate_copper_ore":5,"supplementaries:urn":28,"minecraft:grass":5,"minecraft:oak_log":10,"minecraft:coal_ore":60,"luminousworld:ishstone":135,"minecraft:dirt":7,"minecraft:dripstone_block":61,"minecraft:gravel":10,"luminousworld:grassvariant_3":1,"minecraft:cobweb":1,"minecraft:smooth_basalt":45,"minecraft:gold_ore":4,"minecraft:oak_leaves":1,"minecraft:deepslate":704},"minecraft:crafted":{"minecraft:oak_planks":32,"minecraft:ladder":4,"minecraft:stone_pickaxe":1,"minecraft:crafting_table":2,"minecraft:wooden_pickaxe":1,"minecraft:iron_sword":1,"minecraft:air":0,"minecraft:stick":16,"quark:oak_chest":1,"minecraft:iron_ingot":12,"minecraft:iron_pickaxe":1,"minecraft:iron_leggings":1,"minecraft:torch":12}},"DataVersion":3465}