{"stats":{"minecraft:crafted":{"minecraft:oak_planks":32,"minecraft:crafting_table":2,"minecraft:stick":4,"quark:oak_chest":1,"minecraft:wooden_pickaxe":1,"minecraft:stone_pickaxe":1},"minecraft:killed_by":{"minecraft:zombie":1},"minecraft:used":{"minecraft:stone_pickaxe":43,"minecraft:iron_pickaxe":15,"minecraft:wooden_pickaxe":59,"minecraft:crafting_table":2,"alexsmobs:animal_dictionary":1},"minecraft:mined":{"iceandfire:silver_ore":6,"minecraft:iron_ore":4,"minecraft:crafting_table":1,"minecraft:granite":1,"minecraft:grass":1,"minecraft:oak_log":10,"minecraft:grass_block":3,"minecraft:coal_ore":31,"minecraft:dirt":4,"luminousworld:grassvariant_3":1,"minecraft:stone":66,"minecraft:oak_leaves":1},"minecraft:broken":{"minecraft:wooden_pickaxe":1},"minecraft:picked_up":{"minecraft:raw_iron":4,"minecraft:crafting_table":1,"minecraft:oak_log":8,"minecraft:gunpowder":1,"minecraft:dirt":7,"minecraft:granite":1,"minecraft:coal":31,"iceandfire:raw_silver":6,"minecraft:cobblestone":66},"minecraft:killed":{"minecraft:creeper":1},"minecraft:custom":{"minecraft:time_since_rest":4573,"minecraft:interact_with_furnace":1,"minecraft:sprint_one_cm":5104,"minecraft:damage_taken":270,"minecraft:walk_one_cm":36421,"minecraft:mob_kills":2,"minecraft:damage_dealt":300,"minecraft:interact_with_crafting_table":2,"minecraft:fly_one_cm":7076,"minecraft:open_chest":1,"minecraft:crouch_one_cm":865,"minecraft:play_time":16528,"minecraft:deaths":1,"minecraft:sneak_time":343,"minecraft:walk_under_water_one_cm":1536,"minecraft:jump":104,"minecraft:leave_game":1,"minecraft:time_since_death":4821,"minecraft:walk_on_water_one_cm":1350,"minecraft:total_world_time":16528,"minecraft:fall_one_cm":1738}},"DataVersion":3465}