{"stats":{"minecraft:broken":{"minecraft:diamond_chestplate":1,"minecraft:diamond_helmet":1,"vanillaplustools:iron_hammer":1,"minecraft:iron_chestplate":1,"minecraft:iron_leggings":1,"minecraft:diamond_leggings":1,"minecraft:chainmail_boots":1,"minecraft:wooden_pickaxe":1,"minecraft:diamond_boots":1,"minecraft:iron_sword":1,"minecraft:iron_pickaxe":2,"minecraft:iron_helmet":1},"minecraft:killed_by":{"iceandfire:cyclops":3,"undead_revamp2:the_moonflower":5,"enemyexpansion:trollenraged":2,"endermanoverhaul:cave_enderman":2,"minecraft:spider":1,"born_in_chaos_v1:corpse_fly":3,"alexsmobs:murmur_head":1,"luminousworld:swamp_skeleton":1,"undead_revamp2:thehorrors":1,"cataclysm:deepling":1,"iceandfire:gorgon":2,"enemyexpansion:sprinter":1,"minecraft:cave_spider":1,"minecraft:skeleton":7,"minecraft:zombie":4,"iceandfire:ghost":1,"luminousworld:savannah_zombie":1,"born_in_chaos_v1:maggot":1,"iceandfire:fire_dragon":3,"enemyexpansion:invisicreeper":2},"minecraft:used":{"minecraft:ladder":2,"tombstone:lollipop":7,"minecraft:iron_sword":244,"minecraft:rotten_flesh":13,"minecraft:torch":10,"minecraft:dirt":20,"minecraft:iron_axe":103,"minecraft:iron_boots":1,"supplementaries:ash":4,"tombstone:gift":8,"minecraft:stone_pickaxe":43,"minecraft:wooden_pickaxe":59,"minecraft:diamond_axe":224,"minecraft:salmon":10,"vanillaplustools:diamond_hammer":1,"minecraft:crafting_table":6,"minecraft:diamond_pickaxe":44,"born_in_chaos_v1:monster_flesh":2,"minecraft:iron_pickaxe":1005,"minecraft:bread":17,"tombstone:magic_scroll":1,"tombstone:grave_key":62,"minecraft:diamond_sword":339,"minecraft:cobblestone":73,"vanillaplustools:iron_hammer":353,"alexsmobs:animal_dictionary":1},"minecraft:crafted":{"minecraft:oak_planks":32,"minecraft:diamond_helmet":1,"minecraft:diamond_leggings":1,"minecraft:ladder":4,"minecraft:stone_pickaxe":1,"minecraft:diamond_boots":1,"minecraft:crafting_table":2,"minecraft:wooden_pickaxe":1,"minecraft:iron_sword":1,"minecraft:air":0,"quark:oak_chest":1,"minecraft:stick":16,"minecraft:iron_pickaxe":2,"minecraft:iron_ingot":12,"minecraft:iron_leggings":1,"minecraft:torch":12,"minecraft:diamond_chestplate":1},"minecraft:picked_up":{"minecraft:crafting_table":5,"born_in_chaos_v1:diamond_termite_shard":3,"minecraft:chainmail_boots":1,"minecraft:chicken":3,"minecraft:ladder":2,"minecraft:enchanted_book":1,"minecraft:amethyst_block":2,"born_in_chaos_v1:black_argillite":3,"minecraft:string":7,"minecraft:raw_copper":67,"minecraft:iron_axe":3,"minecraft:iron_leggings":1,"minecraft:activator_rail":4,"iceandfire:bestiary":1,"minecraft:gold_nugget":462,"minecraft:cobbled_deepslate":448,"minecraft:calcite":3,"minecraft:iron_pickaxe":3,"minecraft:iron_boots":1,"iceandfire:dragonbone":9,"iceandfire:dragonscales_gray":30,"minecraft:raw_iron":213,"minecraft:stick":3,"born_in_chaos_v1:shattered_skull":4,"minecraft:copper_ingot":3,"minecraft:torch":463,"minecraft:acacia_log":2,"minecraft:porkchop":12,"minecraft:cookie":5,"tombstone:grave_dust":16,"minecraft:diorite":43,"born_in_chaos_v1:pieceofdarkmetal":5,"minecraft:redstone":2,"tombstone:lollipop":8,"minecraft:arrow":5,"minecraft:rotten_flesh":95,"supplementaries:antique_ink":3,"iceandfire:fire_dragon_heart":1,"tombstone:essence_of_undeath":1,"supplementaries:ash":47,"minecraft:white_wool":4,"minecraft:mutton":3,"minecraft:skeleton_skull":3,"minecraft:cobblestone":439,"minecraft:birch_log":4,"born_in_chaos_v1:corpse_maggot":5,"minecraft:feather":2,"born_in_chaos_v1:monster_flesh":6,"minecraft:andesite":27,"luminousworld:ishstone":44,"minecraft:potato":1,"artifacts:anglers_hat":1,"minecraft:flint":1,"minecraft:tuff":36,"minecraft:oak_log":16,"supplementaries:flax_seeds":2,"minecraft:gunpowder":8,"minecraft:lapis_lazuli":56,"minecraft:dirt":49,"tombstone:gift":2,"born_in_chaos_v1:monster_skin":3,"born_in_chaos_v1:marigolds":2,"minecraft:bone":96,"minecraft:wheat_seeds":4,"minecraft:raw_gold":14,"minecraft:iron_ingot":18,"earthmobsmod:fancy_feather":4,"minecraft:stone_pickaxe":1,"tombstone:bag_of_seeds":4,"tombstone:scroll_of_reach":1,"iceandfire:fire_dragon_flesh":6,"minecraft:powered_rail":4,"minecraft:oak_planks":18,"minecraft:iron_sword":1,"iceandfire:copper_nugget":21,"minecraft:smooth_basalt":28,"iceandfire:dragon_skull_fire":1,"iceandfire:ash":2,"minecraft:gravel":13,"earthmobsmod:harder_flesh":2,"minecraft:spruce_log":2,"quark:oak_chest":1,"alexsmobs:animal_dictionary":1,"minecraft:mossy_cobblestone":4,"minecraft:bundle":2,"minecraft:iron_hoe":2,"minecraft:sugar":4,"minecraft:diamond":102,"iceandfire:lectern":1,"minecraft:diamond_axe":2,"minecraft:iron_helmet":2,"minecraft:granite":50,"minecraft:chainmail_helmet":1,"minecraft:bread":27,"minecraft:emerald":19,"iceandfire:gorgon_head":1,"tombstone:magic_scroll":5,"iceandfire:raw_silver":7,"minecraft:coal":54,"minecraft:ender_pearl":1},"minecraft:dropped":{"minecraft:iron_ingot":3,"minecraft:bread":16,"minecraft:iron_sword":1,"born_in_chaos_v1:shattered_skull":2,"minecraft:wheat_seeds":2,"minecraft:oak_log":8,"luminousworld:ishstone":40,"minecraft:mossy_cobblestone":3,"iceandfire:fire_dragon_flesh":2,"minecraft:cookie":5,"minecraft:feather":2,"minecraft:cobblestone":118,"minecraft:amethyst_block":2,"minecraft:granite":50,"minecraft:activator_rail":4,"minecraft:acacia_log":2,"minecraft:flint":1,"minecraft:dirt":16,"tombstone:bag_of_seeds":2,"minecraft:diorite":42,"iceandfire:copper_nugget":7,"minecraft:iron_leggings":1,"iceandfire:ash":2,"minecraft:sugar":4,"minecraft:iron_pickaxe":2,"minecraft:birch_log":4,"minecraft:paper":2,"minecraft:string":5,"minecraft:white_wool":2,"quark:oak_chest":1,"minecraft:bone":78,"minecraft:redstone":2,"minecraft:gravel":13,"minecraft:furnace":1,"iceandfire:dragonscales_gray":15,"alexsmobs:animal_dictionary":1,"minecraft:cobbled_deepslate":373,"minecraft:raw_copper":3,"minecraft:tuff":36,"minecraft:rotten_flesh":45,"minecraft:oak_planks":22,"minecraft:iron_hoe":2,"earthmobsmod:harder_flesh":2,"minecraft:pumpkin_seeds":6,"minecraft:carrot":9,"supplementaries:ash":24,"minecraft:potato":9,"minecraft:gunpowder":2,"earthmobsmod:fancy_feather":2,"minecraft:skeleton_skull":2,"minecraft:bundle":1,"minecraft:andesite":9,"minecraft:melon_seeds":4,"born_in_chaos_v1:corpse_maggot":4,"minecraft:ladder":2,"iceandfire:fire_dragon_heart":1,"sophisticatedbackpacks:copper_backpack":1,"minecraft:arrow":5,"minecraft:powered_rail":4,"minecraft:stone_pickaxe":2,"minecraft:calcite":3,"born_in_chaos_v1:marigolds":2},"minecraft:custom":{"minecraft:mob_kills":205,"minecraft:interact_with_crafting_table":23,"minecraft:open_barrel":15,"minecraft:damage_dealt_resisted":2651,"minecraft:leave_game":11,"minecraft:time_since_death":912,"minecraft:climb_one_cm":8173,"minecraft:sprint_one_cm":302606,"minecraft:walk_one_cm":746873,"minecraft:drop":161,"tombstone:eaten_lollipop":7,"minecraft:talked_to_villager":3,"minecraft:play_time":275229,"minecraft:deaths":50,"minecraft:sneak_time":5370,"minecraft:walk_under_water_one_cm":50238,"minecraft:jump":3126,"minecraft:interact_with_blast_furnace":1,"minecraft:total_world_time":275229,"minecraft:walk_on_water_one_cm":56685,"minecraft:interact_with_furnace":3,"tombstone:raider_killed":2,"minecraft:time_since_rest":684,"minecraft:damage_taken":2147483647,"minecraft:trigger_trapped_chest":2,"minecraft:damage_dealt":48469,"minecraft:swim_one_cm":96429,"minecraft:fly_one_cm":647421,"minecraft:open_chest":30,"minecraft:crouch_one_cm":8839,"tombstone:undead_killed":90,"minecraft:fall_one_cm":159407},"minecraft:killed":{"luminousworld:miner_zombie":3,"earthmobsmod:duck":2,"minecraft:cave_spider":7,"minecraft:witch":2,"born_in_chaos_v1:zombie_lumberjack":3,"born_in_chaos_v1:restless_spirit":1,"enemyexpansion:intruder":1,"enemyexpansion:equestrian":1,"iceandfire:gorgon":1,"minecraft:spider":5,"undead_revamp2:thesmoker":2,"enemyexpansion:direwolf":12,"undead_revamp2:theswarmer":1,"born_in_chaos_v1:maggot":7,"naturalist:snail":1,"minecraft:skeleton":14,"enemyexpansion:faller":1,"iceandfire:fire_dragon":2,"minecraft:bee":3,"earthmobsmod:teacup_pig":1,"earthmobsmod:fancy_chicken":1,"born_in_chaos_v1:skeleton_thrasher":1,"undead_revamp2:therod":2,"undead_revamp2:thehorrors":1,"enemyexpansion:goblin":3,"luminousworld:savannah_zombie":1,"alexsmobs:rocky_roller":1,"artifacts:mimic":1,"born_in_chaos_v1:barrel_zombie":1,"born_in_chaos_v1:fallen_chaos_knight":1,"earthmobsmod:bouldering_zombie":2,"minecraft:pig":7,"iceandfire:cyclops":1,"born_in_chaos_v1:diamond_termite":6,"born_in_chaos_v1:baby_skeleton":1,"undead_revamp2:the_moonflower":8,"enemyexpansion:troll":1,"enemyexpansion:sprinter":6,"minecraft:creeper":7,"born_in_chaos_v1:decrepit_skeleton":6,"minecraft:sheep":2,"undead_revamp2:thesomnolence":2,"endermanoverhaul:cave_enderman":2,"minecraft:zombie":27,"iceandfire:ghost":2,"born_in_chaos_v1:dread_hound":5,"born_in_chaos_v1:corpse_fly":8,"cataclysm:deepling":1,"enemyexpansion:huntsman":1,"enemyexpansion:botfly":12,"born_in_chaos_v1:dark_vortex":1,"born_in_chaos_v1:door_knight":3,"minecraft:enderman":1,"enemyexpansion:slugger":2},"minecraft:mined":{"minecraft:tuff":85,"iceandfire:silver_ore":7,"minecraft:mossy_cobblestone":2,"luminousworld:grassvariant_4":1,"minecraft:deepslate_diamond_ore":74,"iceandfire:copper_pile":2,"born_in_chaos_v1:infected_diamond_ore":8,"minecraft:budding_amethyst":1,"minecraft:granite":163,"minecraft:spruce_fence":1,"minecraft:grass_block":4,"born_in_chaos_v1:black_argillite":9,"iceandfire:lectern":1,"luminousworld:grassvariant_2":3,"minecraft:spruce_leaves":2,"minecraft:spawner":3,"minecraft:iron_ore":160,"minecraft:andesite":186,"minecraft:deepslate_lapis_ore":1,"minecraft:pointed_dripstone":20,"iceandfire:gold_pile":49,"minecraft:deepslate_iron_ore":66,"quark:warped_chest":1,"minecraft:stone":893,"iceandfire:podium_spruce":1,"minecraft:glass_pane":1,"born_in_chaos_v1:marigolds":1,"minecraft:medium_amethyst_bud":2,"minecraft:crafting_table":5,"minecraft:torch":1,"minecraft:calcite":23,"minecraft:copper_ore":13,"minecraft:cobblestone":17,"minecraft:deepslate_gold_ore":15,"minecraft:lapis_ore":8,"minecraft:iron_door":1,"minecraft:wall_torch":3,"minecraft:diorite":100,"minecraft:amethyst_block":16,"minecraft:deepslate_copper_ore":5,"supplementaries:urn":40,"iceandfire:ash":1,"minecraft:cobblestone_wall":1,"minecraft:bee_nest":1,"minecraft:grass":23,"minecraft:coal_ore":60,"minecraft:oak_log":18,"luminousworld:ishstone":143,"minecraft:gravel":20,"minecraft:dripstone_block":61,"minecraft:dirt":16,"luminousworld:grassvariant_3":3,"minecraft:cobweb":1,"minecraft:smooth_basalt":45,"minecraft:stone_bricks":1,"minecraft:gold_ore":4,"minecraft:oak_leaves":2,"minecraft:deepslate":1660}},"DataVersion":3465}