{"stats":{"minecraft:picked_up":{"minecraft:crafting_table":4,"born_in_chaos_v1:diamond_termite_shard":3,"minecraft:chainmail_boots":1,"minecraft:amethyst_block":2,"born_in_chaos_v1:black_argillite":3,"minecraft:string":5,"minecraft:raw_copper":67,"minecraft:iron_axe":3,"iceandfire:bestiary":1,"minecraft:gold_nugget":58,"minecraft:cobbled_deepslate":276,"minecraft:calcite":3,"minecraft:iron_pickaxe":3,"minecraft:iron_boots":1,"minecraft:stick":3,"minecraft:raw_iron":203,"born_in_chaos_v1:shattered_skull":1,"minecraft:torch":239,"tombstone:grave_dust":9,"minecraft:diorite":43,"born_in_chaos_v1:pieceofdarkmetal":5,"minecraft:redstone":2,"tombstone:lollipop":4,"minecraft:rotten_flesh":60,"supplementaries:antique_ink":3,"tombstone:essence_of_undeath":1,"supplementaries:ash":22,"minecraft:mutton":3,"minecraft:white_wool":4,"minecraft:skeleton_skull":1,"minecraft:cobblestone":375,"born_in_chaos_v1:monster_flesh":1,"minecraft:andesite":27,"luminousworld:ishstone":39,"minecraft:potato":1,"artifacts:anglers_hat":1,"minecraft:flint":1,"minecraft:tuff":16,"minecraft:oak_log":8,"supplementaries:flax_seeds":2,"minecraft:gunpowder":7,"minecraft:lapis_lazuli":56,"minecraft:dirt":33,"tombstone:gift":1,"born_in_chaos_v1:marigolds":2,"minecraft:bone":52,"minecraft:wheat_seeds":2,"minecraft:raw_gold":14,"minecraft:stone_pickaxe":1,"minecraft:iron_ingot":15,"minecraft:iron_sword":1,"minecraft:oak_planks":18,"iceandfire:copper_nugget":14,"minecraft:smooth_basalt":28,"earthmobsmod:harder_flesh":2,"minecraft:gravel":13,"alexsmobs:animal_dictionary":1,"minecraft:mossy_cobblestone":4,"minecraft:sugar":4,"minecraft:diamond":21,"iceandfire:lectern":1,"minecraft:iron_helmet":2,"minecraft:granite":50,"minecraft:emerald":19,"minecraft:bread":24,"tombstone:magic_scroll":1,"minecraft:coal":54,"iceandfire:raw_silver":7},"minecraft:custom":{"minecraft:mob_kills":88,"minecraft:interact_with_crafting_table":13,"minecraft:open_barrel":8,"minecraft:damage_dealt_resisted":1897,"minecraft:leave_game":7,"minecraft:time_since_death":4226,"minecraft:climb_one_cm":7540,"minecraft:sprint_one_cm":191399,"minecraft:walk_one_cm":421468,"minecraft:drop":84,"tombstone:eaten_lollipop":4,"minecraft:talked_to_villager":2,"minecraft:play_time":168401,"minecraft:deaths":24,"minecraft:sneak_time":4265,"minecraft:walk_under_water_one_cm":23858,"minecraft:jump":1942,"minecraft:interact_with_blast_furnace":1,"minecraft:walk_on_water_one_cm":29433,"minecraft:total_world_time":168401,"minecraft:interact_with_furnace":3,"tombstone:raider_killed":1,"minecraft:time_since_rest":3653,"minecraft:damage_taken":7530,"minecraft:damage_dealt":17638,"minecraft:swim_one_cm":48188,"minecraft:fly_one_cm":189518,"minecraft:open_chest":16,"minecraft:crouch_one_cm":6740,"tombstone:undead_killed":36,"minecraft:fall_one_cm":52224},"minecraft:broken":{"vanillaplustools:iron_hammer":1,"minecraft:wooden_pickaxe":1,"minecraft:iron_sword":1,"minecraft:iron_pickaxe":2},"minecraft:used":{"minecraft:ladder":2,"minecraft:iron_sword":244,"tombstone:lollipop":4,"minecraft:rotten_flesh":11,"minecraft:torch":8,"minecraft:iron_axe":103,"minecraft:iron_boots":1,"supplementaries:ash":4,"tombstone:gift":6,"minecraft:stone_pickaxe":43,"minecraft:wooden_pickaxe":59,"minecraft:diamond_axe":4,"minecraft:salmon":8,"minecraft:crafting_table":5,"minecraft:bread":14,"minecraft:iron_pickaxe":930,"tombstone:grave_key":31,"minecraft:cobblestone":59,"vanillaplustools:iron_hammer":248,"alexsmobs:animal_dictionary":1},"minecraft:dropped":{"minecraft:bread":16,"minecraft:iron_sword":1,"minecraft:wheat_seeds":1,"luminousworld:ishstone":30,"minecraft:mossy_cobblestone":3,"minecraft:cobblestone":28,"minecraft:amethyst_block":2,"minecraft:granite":50,"minecraft:flint":1,"minecraft:dirt":16,"minecraft:diorite":42,"minecraft:sugar":4,"minecraft:iron_pickaxe":2,"minecraft:paper":2,"minecraft:string":5,"minecraft:white_wool":2,"minecraft:bone":42,"minecraft:redstone":2,"minecraft:gravel":13,"minecraft:cobbled_deepslate":73,"alexsmobs:animal_dictionary":1,"minecraft:raw_copper":3,"minecraft:rotten_flesh":24,"minecraft:oak_planks":18,"earthmobsmod:harder_flesh":2,"minecraft:pumpkin_seeds":6,"supplementaries:ash":6,"minecraft:gunpowder":2,"minecraft:andesite":9,"minecraft:melon_seeds":4,"sophisticatedbackpacks:copper_backpack":1,"minecraft:stone_pickaxe":2,"minecraft:calcite":3,"born_in_chaos_v1:marigolds":2},"minecraft:killed":{"luminousworld:miner_zombie":3,"minecraft:cave_spider":7,"minecraft:witch":1,"born_in_chaos_v1:zombie_lumberjack":1,"enemyexpansion:equestrian":1,"enemyexpansion:direwolf":3,"born_in_chaos_v1:maggot":3,"naturalist:snail":1,"minecraft:skeleton":1,"enemyexpansion:faller":1,"born_in_chaos_v1:skeleton_thrasher":1,"alexsmobs:rocky_roller":1,"artifacts:mimic":1,"born_in_chaos_v1:fallen_chaos_knight":1,"earthmobsmod:bouldering_zombie":1,"born_in_chaos_v1:diamond_termite":6,"undead_revamp2:the_moonflower":1,"enemyexpansion:sprinter":5,"minecraft:creeper":4,"born_in_chaos_v1:decrepit_skeleton":3,"minecraft:sheep":2,"undead_revamp2:thesomnolence":2,"minecraft:zombie":15,"endermanoverhaul:cave_enderman":2,"born_in_chaos_v1:dread_hound":1,"born_in_chaos_v1:corpse_fly":5,"enemyexpansion:botfly":5,"born_in_chaos_v1:door_knight":2,"enemyexpansion:slugger":1},"minecraft:killed_by":{"undead_revamp2:the_moonflower":4,"endermanoverhaul:cave_enderman":2,"born_in_chaos_v1:corpse_fly":2,"enemyexpansion:sprinter":1,"minecraft:cave_spider":1,"minecraft:skeleton":4,"minecraft:zombie":2,"born_in_chaos_v1:maggot":1,"enemyexpansion:invisicreeper":2},"minecraft:mined":{"minecraft:tuff":60,"iceandfire:silver_ore":7,"minecraft:mossy_cobblestone":2,"minecraft:deepslate_diamond_ore":21,"iceandfire:copper_pile":2,"born_in_chaos_v1:infected_diamond_ore":8,"minecraft:granite":163,"minecraft:budding_amethyst":1,"minecraft:spruce_fence":1,"minecraft:grass_block":3,"born_in_chaos_v1:black_argillite":9,"iceandfire:lectern":1,"luminousworld:grassvariant_2":1,"minecraft:spruce_leaves":2,"minecraft:spawner":3,"minecraft:iron_ore":160,"minecraft:andesite":186,"minecraft:deepslate_lapis_ore":1,"minecraft:pointed_dripstone":20,"iceandfire:gold_pile":6,"minecraft:deepslate_iron_ore":56,"minecraft:stone":893,"iceandfire:podium_spruce":1,"minecraft:glass_pane":1,"born_in_chaos_v1:marigolds":1,"minecraft:medium_amethyst_bud":2,"minecraft:crafting_table":4,"minecraft:calcite":23,"minecraft:copper_ore":13,"minecraft:cobblestone":14,"minecraft:lapis_ore":8,"minecraft:deepslate_gold_ore":15,"minecraft:iron_door":1,"minecraft:diorite":100,"minecraft:wall_torch":3,"minecraft:amethyst_block":16,"minecraft:deepslate_copper_ore":5,"supplementaries:urn":35,"minecraft:grass":5,"minecraft:oak_log":10,"minecraft:coal_ore":60,"luminousworld:ishstone":143,"minecraft:gravel":10,"minecraft:dripstone_block":61,"minecraft:dirt":15,"luminousworld:grassvariant_3":1,"minecraft:cobweb":1,"minecraft:smooth_basalt":45,"minecraft:gold_ore":4,"minecraft:oak_leaves":1,"minecraft:deepslate":777},"minecraft:crafted":{"minecraft:oak_planks":32,"minecraft:ladder":4,"minecraft:stone_pickaxe":1,"minecraft:crafting_table":2,"minecraft:wooden_pickaxe":1,"minecraft:iron_sword":1,"minecraft:air":0,"minecraft:stick":16,"quark:oak_chest":1,"minecraft:iron_ingot":12,"minecraft:iron_pickaxe":2,"minecraft:iron_leggings":1,"minecraft:torch":12}},"DataVersion":3465}