{"stats":{"minecraft:crafted":{"minecraft:oak_planks":32,"minecraft:diamond_helmet":1,"minecraft:diamond_leggings":1,"minecraft:ladder":4,"minecraft:stone_pickaxe":1,"minecraft:diamond_boots":1,"minecraft:crafting_table":2,"minecraft:wooden_pickaxe":1,"minecraft:iron_sword":1,"minecraft:air":0,"minecraft:stick":16,"quark:oak_chest":1,"minecraft:iron_ingot":12,"minecraft:iron_pickaxe":2,"minecraft:iron_leggings":1,"minecraft:torch":12,"minecraft:diamond_chestplate":1},"minecraft:killed_by":{"undead_revamp2:the_moonflower":5,"enemyexpansion:trollenraged":2,"endermanoverhaul:cave_enderman":2,"born_in_chaos_v1:corpse_fly":2,"alexsmobs:murmur_head":1,"iceandfire:gorgon":2,"enemyexpansion:sprinter":1,"minecraft:cave_spider":1,"minecraft:skeleton":7,"minecraft:zombie":4,"luminousworld:savannah_zombie":1,"born_in_chaos_v1:maggot":1,"enemyexpansion:invisicreeper":2},"minecraft:used":{"minecraft:ladder":2,"minecraft:iron_sword":244,"tombstone:lollipop":5,"minecraft:rotten_flesh":12,"minecraft:torch":9,"minecraft:iron_axe":103,"minecraft:iron_boots":1,"supplementaries:ash":4,"tombstone:gift":8,"minecraft:stone_pickaxe":43,"minecraft:wooden_pickaxe":59,"minecraft:diamond_axe":129,"minecraft:salmon":10,"minecraft:crafting_table":6,"minecraft:bread":14,"minecraft:iron_pickaxe":1005,"tombstone:magic_scroll":1,"tombstone:grave_key":55,"minecraft:diamond_sword":15,"minecraft:cobblestone":73,"vanillaplustools:iron_hammer":353,"alexsmobs:animal_dictionary":1},"minecraft:mined":{"minecraft:tuff":85,"iceandfire:silver_ore":7,"minecraft:mossy_cobblestone":2,"minecraft:deepslate_diamond_ore":74,"iceandfire:copper_pile":2,"born_in_chaos_v1:infected_diamond_ore":8,"minecraft:budding_amethyst":1,"minecraft:granite":163,"minecraft:spruce_fence":1,"minecraft:grass_block":3,"born_in_chaos_v1:black_argillite":9,"iceandfire:lectern":1,"luminousworld:grassvariant_2":1,"minecraft:spruce_leaves":2,"minecraft:spawner":3,"minecraft:iron_ore":160,"minecraft:andesite":186,"minecraft:deepslate_lapis_ore":1,"minecraft:pointed_dripstone":20,"iceandfire:gold_pile":6,"minecraft:deepslate_iron_ore":66,"quark:warped_chest":1,"minecraft:stone":893,"iceandfire:podium_spruce":1,"minecraft:glass_pane":1,"born_in_chaos_v1:marigolds":1,"minecraft:medium_amethyst_bud":2,"minecraft:crafting_table":5,"minecraft:torch":1,"minecraft:calcite":23,"minecraft:copper_ore":13,"minecraft:cobblestone":17,"minecraft:deepslate_gold_ore":15,"minecraft:lapis_ore":8,"minecraft:iron_door":1,"minecraft:wall_torch":3,"minecraft:diorite":100,"minecraft:amethyst_block":16,"minecraft:deepslate_copper_ore":5,"supplementaries:urn":40,"minecraft:cobblestone_wall":1,"minecraft:grass":5,"minecraft:oak_log":10,"minecraft:coal_ore":60,"luminousworld:ishstone":143,"minecraft:gravel":20,"minecraft:dripstone_block":61,"minecraft:dirt":15,"luminousworld:grassvariant_3":1,"minecraft:cobweb":1,"minecraft:smooth_basalt":45,"minecraft:stone_bricks":1,"minecraft:gold_ore":4,"minecraft:oak_leaves":1,"minecraft:deepslate":1660},"minecraft:broken":{"minecraft:diamond_chestplate":1,"minecraft:diamond_helmet":1,"vanillaplustools:iron_hammer":1,"minecraft:iron_chestplate":1,"minecraft:iron_leggings":1,"minecraft:diamond_leggings":1,"minecraft:chainmail_boots":1,"minecraft:wooden_pickaxe":1,"minecraft:diamond_boots":1,"minecraft:iron_sword":1,"minecraft:iron_pickaxe":2,"minecraft:iron_helmet":1},"minecraft:picked_up":{"minecraft:crafting_table":5,"born_in_chaos_v1:diamond_termite_shard":3,"minecraft:chainmail_boots":1,"minecraft:ladder":2,"minecraft:enchanted_book":1,"minecraft:amethyst_block":2,"born_in_chaos_v1:black_argillite":3,"minecraft:string":7,"minecraft:raw_copper":67,"minecraft:iron_axe":3,"minecraft:iron_leggings":1,"minecraft:activator_rail":4,"iceandfire:bestiary":1,"minecraft:gold_nugget":58,"minecraft:cobbled_deepslate":384,"minecraft:calcite":3,"minecraft:iron_pickaxe":3,"minecraft:iron_boots":1,"minecraft:stick":3,"minecraft:raw_iron":213,"born_in_chaos_v1:shattered_skull":4,"minecraft:torch":463,"minecraft:cookie":5,"tombstone:grave_dust":9,"minecraft:diorite":43,"born_in_chaos_v1:pieceofdarkmetal":5,"minecraft:redstone":2,"tombstone:lollipop":6,"minecraft:arrow":2,"minecraft:rotten_flesh":74,"supplementaries:antique_ink":3,"tombstone:essence_of_undeath":1,"supplementaries:ash":45,"minecraft:mutton":3,"minecraft:skeleton_skull":3,"minecraft:white_wool":4,"minecraft:cobblestone":439,"born_in_chaos_v1:corpse_maggot":3,"born_in_chaos_v1:monster_flesh":1,"minecraft:andesite":27,"luminousworld:ishstone":39,"minecraft:potato":1,"artifacts:anglers_hat":1,"minecraft:flint":1,"minecraft:tuff":36,"minecraft:oak_log":8,"supplementaries:flax_seeds":2,"minecraft:gunpowder":8,"minecraft:lapis_lazuli":56,"minecraft:dirt":33,"tombstone:gift":2,"born_in_chaos_v1:monster_skin":1,"born_in_chaos_v1:marigolds":2,"minecraft:bone":55,"minecraft:wheat_seeds":2,"minecraft:raw_gold":14,"minecraft:iron_ingot":15,"minecraft:stone_pickaxe":1,"tombstone:scroll_of_reach":1,"minecraft:powered_rail":4,"minecraft:iron_sword":1,"minecraft:oak_planks":18,"iceandfire:copper_nugget":21,"minecraft:smooth_basalt":28,"earthmobsmod:harder_flesh":2,"minecraft:gravel":13,"minecraft:spruce_log":2,"quark:oak_chest":1,"alexsmobs:animal_dictionary":1,"minecraft:mossy_cobblestone":4,"minecraft:sugar":4,"minecraft:diamond":102,"iceandfire:lectern":1,"minecraft:iron_helmet":2,"minecraft:granite":50,"minecraft:diamond_axe":2,"minecraft:bread":24,"minecraft:emerald":19,"iceandfire:gorgon_head":1,"tombstone:magic_scroll":3,"minecraft:coal":54,"iceandfire:raw_silver":7},"minecraft:dropped":{"minecraft:bread":16,"minecraft:iron_sword":1,"born_in_chaos_v1:shattered_skull":2,"minecraft:wheat_seeds":1,"luminousworld:ishstone":30,"minecraft:mossy_cobblestone":3,"minecraft:cookie":5,"minecraft:cobblestone":118,"minecraft:amethyst_block":2,"minecraft:granite":50,"minecraft:activator_rail":4,"minecraft:flint":1,"minecraft:dirt":16,"minecraft:diorite":42,"iceandfire:copper_nugget":7,"minecraft:iron_leggings":1,"minecraft:sugar":4,"minecraft:iron_pickaxe":2,"minecraft:paper":2,"minecraft:string":5,"minecraft:white_wool":2,"quark:oak_chest":1,"minecraft:redstone":2,"minecraft:bone":45,"minecraft:gravel":13,"alexsmobs:animal_dictionary":1,"minecraft:cobbled_deepslate":181,"minecraft:raw_copper":3,"minecraft:tuff":36,"minecraft:rotten_flesh":25,"minecraft:oak_planks":18,"earthmobsmod:harder_flesh":2,"minecraft:carrot":9,"minecraft:pumpkin_seeds":6,"supplementaries:ash":24,"minecraft:potato":9,"minecraft:gunpowder":2,"minecraft:skeleton_skull":2,"minecraft:andesite":9,"minecraft:melon_seeds":4,"born_in_chaos_v1:corpse_maggot":2,"minecraft:ladder":2,"minecraft:powered_rail":4,"minecraft:arrow":2,"sophisticatedbackpacks:copper_backpack":1,"minecraft:stone_pickaxe":2,"minecraft:calcite":3,"born_in_chaos_v1:marigolds":2},"minecraft:custom":{"minecraft:mob_kills":129,"minecraft:interact_with_crafting_table":23,"minecraft:open_barrel":15,"minecraft:damage_dealt_resisted":2113,"minecraft:leave_game":8,"minecraft:time_since_death":14656,"minecraft:climb_one_cm":8061,"minecraft:sprint_one_cm":230168,"minecraft:walk_one_cm":532105,"minecraft:drop":111,"tombstone:eaten_lollipop":5,"minecraft:talked_to_villager":2,"minecraft:play_time":221992,"minecraft:deaths":36,"minecraft:sneak_time":4631,"minecraft:walk_under_water_one_cm":32989,"minecraft:jump":2254,"minecraft:interact_with_blast_furnace":1,"minecraft:walk_on_water_one_cm":39112,"minecraft:total_world_time":221992,"minecraft:interact_with_furnace":3,"tombstone:raider_killed":1,"minecraft:time_since_rest":14436,"minecraft:damage_taken":2147483647,"minecraft:damage_dealt":26899,"minecraft:swim_one_cm":54877,"minecraft:fly_one_cm":250712,"minecraft:open_chest":21,"minecraft:crouch_one_cm":7401,"tombstone:undead_killed":53,"minecraft:fall_one_cm":58370},"minecraft:killed":{"luminousworld:miner_zombie":3,"minecraft:cave_spider":7,"minecraft:witch":1,"born_in_chaos_v1:restless_spirit":1,"born_in_chaos_v1:zombie_lumberjack":2,"iceandfire:gorgon":1,"enemyexpansion:intruder":1,"enemyexpansion:equestrian":1,"minecraft:spider":3,"enemyexpansion:direwolf":9,"born_in_chaos_v1:maggot":7,"naturalist:snail":1,"minecraft:skeleton":5,"enemyexpansion:faller":1,"born_in_chaos_v1:skeleton_thrasher":1,"enemyexpansion:goblin":3,"luminousworld:savannah_zombie":1,"alexsmobs:rocky_roller":1,"artifacts:mimic":1,"born_in_chaos_v1:fallen_chaos_knight":1,"earthmobsmod:bouldering_zombie":2,"born_in_chaos_v1:diamond_termite":6,"undead_revamp2:the_moonflower":4,"enemyexpansion:troll":1,"enemyexpansion:sprinter":6,"minecraft:creeper":5,"born_in_chaos_v1:decrepit_skeleton":4,"minecraft:sheep":2,"undead_revamp2:thesomnolence":2,"minecraft:zombie":18,"endermanoverhaul:cave_enderman":2,"born_in_chaos_v1:dread_hound":2,"born_in_chaos_v1:corpse_fly":6,"enemyexpansion:botfly":5,"born_in_chaos_v1:dark_vortex":1,"born_in_chaos_v1:door_knight":3,"enemyexpansion:slugger":1}},"DataVersion":3465}