{"stats":{"minecraft:picked_up":{"born_in_chaos_v1:diamond_termite_shard":3,"minecraft:crafting_table":3,"minecraft:chainmail_boots":1,"minecraft:amethyst_block":2,"minecraft:string":4,"minecraft:iron_axe":3,"minecraft:raw_copper":61,"minecraft:cobbled_deepslate":11,"minecraft:calcite":3,"minecraft:iron_pickaxe":2,"minecraft:iron_boots":1,"minecraft:raw_iron":152,"minecraft:stick":3,"minecraft:torch":5,"tombstone:grave_dust":9,"minecraft:diorite":41,"born_in_chaos_v1:pieceofdarkmetal":5,"minecraft:redstone":2,"tombstone:lollipop":1,"minecraft:rotten_flesh":52,"supplementaries:antique_ink":1,"tombstone:essence_of_undeath":1,"supplementaries:ash":6,"minecraft:cobblestone":319,"minecraft:andesite":9,"luminousworld:ishstone":29,"artifacts:anglers_hat":1,"minecraft:flint":1,"minecraft:oak_log":8,"minecraft:gunpowder":3,"minecraft:lapis_lazuli":50,"minecraft:dirt":16,"tombstone:gift":1,"born_in_chaos_v1:marigolds":2,"minecraft:bone":36,"minecraft:wheat_seeds":2,"minecraft:raw_gold":2,"minecraft:iron_ingot":13,"minecraft:stone_pickaxe":1,"minecraft:oak_planks":18,"minecraft:iron_sword":1,"minecraft:smooth_basalt":28,"minecraft:gravel":2,"earthmobsmod:harder_flesh":2,"alexsmobs:animal_dictionary":1,"minecraft:mossy_cobblestone":4,"minecraft:sugar":4,"minecraft:diamond":20,"minecraft:iron_helmet":1,"minecraft:granite":42,"minecraft:emerald":11,"minecraft:bread":24,"minecraft:coal":54,"iceandfire:raw_silver":7},"minecraft:custom":{"minecraft:mob_kills":66,"minecraft:interact_with_crafting_table":10,"minecraft:open_barrel":3,"minecraft:damage_dealt_resisted":1897,"minecraft:leave_game":5,"minecraft:time_since_death":12374,"minecraft:climb_one_cm":4074,"minecraft:sprint_one_cm":74328,"minecraft:walk_one_cm":253742,"minecraft:drop":67,"tombstone:eaten_lollipop":1,"minecraft:play_time":117869,"minecraft:deaths":18,"minecraft:sneak_time":2810,"minecraft:walk_under_water_one_cm":22064,"minecraft:jump":1111,"minecraft:interact_with_blast_furnace":1,"minecraft:walk_on_water_one_cm":26645,"minecraft:total_world_time":117869,"minecraft:interact_with_furnace":3,"tombstone:raider_killed":1,"minecraft:time_since_rest":12332,"minecraft:damage_taken":5400,"minecraft:damage_dealt":13161,"minecraft:swim_one_cm":36548,"minecraft:fly_one_cm":106189,"minecraft:open_chest":5,"minecraft:crouch_one_cm":3654,"tombstone:undead_killed":29,"minecraft:fall_one_cm":27998},"minecraft:broken":{"vanillaplustools:iron_hammer":1,"minecraft:wooden_pickaxe":1,"minecraft:iron_sword":1},"minecraft:used":{"minecraft:ladder":2,"minecraft:iron_sword":244,"tombstone:lollipop":1,"minecraft:rotten_flesh":6,"minecraft:torch":5,"minecraft:iron_axe":47,"minecraft:iron_boots":1,"tombstone:gift":6,"minecraft:stone_pickaxe":43,"minecraft:wooden_pickaxe":59,"minecraft:crafting_table":4,"minecraft:bread":9,"minecraft:iron_pickaxe":384,"tombstone:grave_key":27,"minecraft:cobblestone":42,"vanillaplustools:iron_hammer":248,"alexsmobs:animal_dictionary":1},"minecraft:dropped":{"minecraft:bread":16,"minecraft:iron_sword":1,"minecraft:wheat_seeds":1,"luminousworld:ishstone":22,"minecraft:mossy_cobblestone":3,"minecraft:cobblestone":28,"minecraft:amethyst_block":2,"minecraft:granite":42,"minecraft:flint":1,"minecraft:dirt":16,"minecraft:diorite":39,"minecraft:sugar":4,"minecraft:iron_pickaxe":1,"minecraft:bone":18,"minecraft:redstone":2,"minecraft:gravel":2,"minecraft:cobbled_deepslate":7,"alexsmobs:animal_dictionary":1,"minecraft:rotten_flesh":23,"minecraft:oak_planks":18,"earthmobsmod:harder_flesh":2,"supplementaries:ash":6,"minecraft:gunpowder":2,"minecraft:andesite":9,"minecraft:stone_pickaxe":2,"minecraft:calcite":3,"born_in_chaos_v1:marigolds":2},"minecraft:killed":{"luminousworld:miner_zombie":3,"minecraft:cave_spider":7,"minecraft:witch":1,"born_in_chaos_v1:zombie_lumberjack":1,"enemyexpansion:equestrian":1,"enemyexpansion:direwolf":1,"born_in_chaos_v1:maggot":3,"naturalist:snail":1,"minecraft:skeleton":1,"enemyexpansion:faller":1,"born_in_chaos_v1:skeleton_thrasher":1,"alexsmobs:rocky_roller":1,"artifacts:mimic":1,"born_in_chaos_v1:fallen_chaos_knight":1,"earthmobsmod:bouldering_zombie":1,"born_in_chaos_v1:diamond_termite":5,"undead_revamp2:the_moonflower":1,"enemyexpansion:sprinter":4,"minecraft:creeper":2,"born_in_chaos_v1:decrepit_skeleton":2,"endermanoverhaul:cave_enderman":2,"minecraft:zombie":12,"born_in_chaos_v1:corpse_fly":3,"enemyexpansion:botfly":5,"enemyexpansion:slugger":1},"minecraft:killed_by":{"undead_revamp2:the_moonflower":4,"endermanoverhaul:cave_enderman":2,"born_in_chaos_v1:corpse_fly":2,"minecraft:cave_spider":1,"minecraft:skeleton":2,"minecraft:zombie":1,"born_in_chaos_v1:maggot":1,"enemyexpansion:invisicreeper":1},"minecraft:mined":{"minecraft:tuff":42,"iceandfire:silver_ore":7,"minecraft:mossy_cobblestone":1,"minecraft:deepslate_diamond_ore":20,"born_in_chaos_v1:infected_diamond_ore":5,"minecraft:granite":155,"minecraft:budding_amethyst":1,"minecraft:grass_block":3,"born_in_chaos_v1:black_argillite":6,"luminousworld:grassvariant_2":1,"minecraft:spruce_leaves":2,"minecraft:spawner":1,"minecraft:iron_ore":138,"minecraft:andesite":168,"minecraft:deepslate_lapis_ore":1,"minecraft:pointed_dripstone":20,"minecraft:deepslate_iron_ore":27,"minecraft:stone":844,"born_in_chaos_v1:marigolds":1,"minecraft:medium_amethyst_bud":2,"minecraft:crafting_table":3,"minecraft:calcite":22,"minecraft:cobblestone":12,"minecraft:copper_ore":13,"minecraft:lapis_ore":8,"minecraft:deepslate_gold_ore":2,"minecraft:diorite":99,"minecraft:wall_torch":1,"minecraft:amethyst_block":16,"minecraft:deepslate_copper_ore":5,"supplementaries:urn":12,"minecraft:grass":5,"minecraft:oak_log":10,"minecraft:coal_ore":60,"luminousworld:ishstone":133,"minecraft:dirt":7,"minecraft:dripstone_block":61,"minecraft:gravel":3,"luminousworld:grassvariant_3":1,"minecraft:cobweb":1,"minecraft:smooth_basalt":29,"minecraft:oak_leaves":1,"minecraft:deepslate":485},"minecraft:crafted":{"minecraft:oak_planks":32,"minecraft:ladder":4,"minecraft:stone_pickaxe":1,"minecraft:crafting_table":2,"minecraft:wooden_pickaxe":1,"minecraft:iron_sword":1,"minecraft:air":0,"minecraft:stick":16,"quark:oak_chest":1,"minecraft:iron_ingot":12,"minecraft:iron_pickaxe":1,"minecraft:iron_leggings":1,"minecraft:torch":12}},"DataVersion":3465}