{"stats":{"minecraft:crafted":{"minecraft:oak_planks":32,"minecraft:crafting_table":2,"minecraft:stick":8,"quark:oak_chest":1,"minecraft:iron_ingot":12,"minecraft:wooden_pickaxe":1,"minecraft:stone_pickaxe":1,"minecraft:torch":4,"minecraft:air":0},"minecraft:killed_by":{"minecraft:zombie":1},"minecraft:used":{"minecraft:stone_pickaxe":43,"minecraft:iron_pickaxe":151,"minecraft:wooden_pickaxe":59,"tombstone:grave_key":2,"minecraft:torch":4,"minecraft:crafting_table":2,"alexsmobs:animal_dictionary":1},"minecraft:mined":{"born_in_chaos_v1:marigolds":1,"iceandfire:silver_ore":6,"minecraft:iron_ore":11,"minecraft:medium_amethyst_bud":2,"minecraft:andesite":8,"minecraft:crafting_table":1,"minecraft:granite":9,"minecraft:budding_amethyst":1,"minecraft:grass":1,"minecraft:calcite":4,"minecraft:grass_block":3,"minecraft:oak_log":10,"minecraft:coal_ore":49,"luminousworld:ishstone":6,"minecraft:gravel":2,"minecraft:dirt":5,"luminousworld:grassvariant_3":1,"minecraft:smooth_basalt":10,"minecraft:stone":128,"minecraft:diorite":3,"minecraft:oak_leaves":1,"minecraft:amethyst_block":2},"minecraft:broken":{"minecraft:wooden_pickaxe":1},"minecraft:picked_up":{"minecraft:crafting_table":1,"minecraft:raw_iron":10,"minecraft:smooth_basalt":10,"minecraft:andesite":8,"luminousworld:ishstone":6,"minecraft:gravel":1,"minecraft:flint":1,"minecraft:oak_log":8,"minecraft:diorite":3,"minecraft:gunpowder":1,"minecraft:amethyst_block":2,"minecraft:dirt":8,"born_in_chaos_v1:marigolds":1,"minecraft:granite":9,"minecraft:calcite":3,"minecraft:coal":49,"iceandfire:raw_silver":6,"minecraft:cobblestone":126},"minecraft:killed":{"minecraft:creeper":1},"minecraft:custom":{"minecraft:time_since_rest":2049,"minecraft:interact_with_furnace":2,"minecraft:sprint_one_cm":14009,"minecraft:damage_taken":790,"minecraft:walk_one_cm":53725,"minecraft:mob_kills":2,"minecraft:damage_dealt":313,"minecraft:swim_one_cm":17784,"minecraft:interact_with_crafting_table":2,"minecraft:fly_one_cm":11590,"minecraft:open_chest":1,"minecraft:crouch_one_cm":1384,"minecraft:play_time":26323,"minecraft:deaths":3,"minecraft:sneak_time":730,"minecraft:walk_under_water_one_cm":11550,"minecraft:damage_dealt_resisted":65,"minecraft:jump":195,"minecraft:leave_game":1,"minecraft:walk_on_water_one_cm":3860,"minecraft:time_since_death":2383,"minecraft:total_world_time":26323,"minecraft:fall_one_cm":4629}},"DataVersion":3465}