{"stats":{"minecraft:picked_up":{"minecraft:crafting_table":2,"born_in_chaos_v1:diamond_termite_shard":1,"minecraft:chainmail_boots":1,"minecraft:andesite":9,"luminousworld:ishstone":10,"artifacts:anglers_hat":1,"minecraft:flint":1,"minecraft:oak_log":8,"minecraft:gunpowder":3,"minecraft:amethyst_block":2,"minecraft:lapis_lazuli":34,"minecraft:dirt":16,"tombstone:gift":1,"minecraft:raw_copper":26,"minecraft:iron_axe":3,"born_in_chaos_v1:marigolds":2,"minecraft:bone":28,"minecraft:wheat_seeds":2,"minecraft:raw_gold":2,"minecraft:iron_ingot":2,"minecraft:calcite":3,"minecraft:iron_pickaxe":2,"minecraft:iron_sword":1,"minecraft:oak_planks":9,"minecraft:iron_boots":1,"minecraft:stick":3,"minecraft:raw_iron":119,"minecraft:smooth_basalt":10,"earthmobsmod:harder_flesh":2,"minecraft:gravel":1,"tombstone:grave_dust":9,"minecraft:diorite":24,"born_in_chaos_v1:pieceofdarkmetal":1,"minecraft:redstone":2,"alexsmobs:animal_dictionary":1,"tombstone:lollipop":1,"minecraft:sugar":1,"minecraft:rotten_flesh":46,"minecraft:diamond":19,"minecraft:granite":9,"minecraft:bread":8,"tombstone:essence_of_undeath":1,"minecraft:emerald":7,"supplementaries:ash":6,"iceandfire:raw_silver":7,"minecraft:coal":54,"minecraft:cobblestone":276},"minecraft:custom":{"minecraft:interact_with_furnace":3,"minecraft:mob_kills":45,"tombstone:raider_killed":1,"minecraft:interact_with_crafting_table":3,"minecraft:damage_dealt_resisted":1897,"minecraft:leave_game":5,"minecraft:time_since_death":3741,"minecraft:time_since_rest":3287,"minecraft:sprint_one_cm":59961,"minecraft:damage_taken":4263,"minecraft:walk_one_cm":177600,"minecraft:drop":41,"tombstone:eaten_lollipop":1,"minecraft:damage_dealt":9714,"minecraft:swim_one_cm":36548,"minecraft:fly_one_cm":98086,"minecraft:open_chest":1,"minecraft:play_time":93869,"minecraft:crouch_one_cm":2900,"tombstone:undead_killed":22,"minecraft:deaths":16,"minecraft:sneak_time":2104,"minecraft:walk_under_water_one_cm":17969,"minecraft:jump":855,"minecraft:walk_on_water_one_cm":23135,"minecraft:total_world_time":93869,"minecraft:fall_one_cm":24674},"minecraft:broken":{"minecraft:wooden_pickaxe":1},"minecraft:used":{"minecraft:stone_pickaxe":43,"minecraft:wooden_pickaxe":59,"minecraft:iron_sword":207,"tombstone:lollipop":1,"minecraft:torch":4,"minecraft:rotten_flesh":6,"minecraft:crafting_table":3,"minecraft:iron_axe":15,"minecraft:iron_pickaxe":230,"tombstone:grave_key":22,"minecraft:iron_boots":1,"minecraft:cobblestone":17,"vanillaplustools:iron_hammer":126,"alexsmobs:animal_dictionary":1,"tombstone:gift":6},"minecraft:dropped":{"minecraft:iron_sword":1,"minecraft:wheat_seeds":1,"alexsmobs:animal_dictionary":1,"luminousworld:ishstone":10,"minecraft:rotten_flesh":23,"minecraft:oak_planks":9,"minecraft:amethyst_block":2,"minecraft:granite":9,"earthmobsmod:harder_flesh":2,"minecraft:flint":1,"minecraft:dirt":16,"supplementaries:ash":6,"minecraft:gunpowder":2,"minecraft:andesite":9,"minecraft:iron_pickaxe":1,"minecraft:calcite":3,"born_in_chaos_v1:marigolds":2,"minecraft:bone":18,"minecraft:redstone":2},"minecraft:killed":{"luminousworld:miner_zombie":3,"minecraft:cave_spider":1,"earthmobsmod:bouldering_zombie":1,"minecraft:witch":1,"born_in_chaos_v1:diamond_termite":1,"undead_revamp2:the_moonflower":1,"enemyexpansion:equestrian":1,"enemyexpansion:sprinter":2,"minecraft:creeper":1,"born_in_chaos_v1:decrepit_skeleton":2,"born_in_chaos_v1:maggot":2,"naturalist:snail":1,"minecraft:skeleton":1,"minecraft:zombie":9,"endermanoverhaul:cave_enderman":2,"born_in_chaos_v1:corpse_fly":3,"enemyexpansion:botfly":5,"born_in_chaos_v1:skeleton_thrasher":1,"alexsmobs:rocky_roller":1,"artifacts:mimic":1,"enemyexpansion:slugger":1},"minecraft:killed_by":{"undead_revamp2:the_moonflower":4,"endermanoverhaul:cave_enderman":2,"minecraft:skeleton":2,"minecraft:zombie":1,"born_in_chaos_v1:corpse_fly":2,"born_in_chaos_v1:maggot":1},"minecraft:mined":{"minecraft:tuff":42,"iceandfire:silver_ore":7,"born_in_chaos_v1:marigolds":1,"minecraft:deepslate_diamond_ore":19,"minecraft:medium_amethyst_bud":2,"born_in_chaos_v1:infected_diamond_ore":2,"minecraft:crafting_table":2,"minecraft:budding_amethyst":1,"minecraft:granite":19,"minecraft:calcite":4,"minecraft:grass_block":3,"luminousworld:grassvariant_2":1,"minecraft:copper_ore":8,"minecraft:deepslate_gold_ore":2,"minecraft:lapis_ore":6,"minecraft:diorite":33,"minecraft:amethyst_block":2,"supplementaries:urn":8,"minecraft:iron_ore":102,"minecraft:andesite":14,"minecraft:grass":5,"minecraft:coal_ore":60,"minecraft:pointed_dripstone":20,"minecraft:oak_log":10,"luminousworld:ishstone":61,"minecraft:deepslate_iron_ore":18,"minecraft:gravel":2,"minecraft:dripstone_block":61,"minecraft:dirt":6,"luminousworld:grassvariant_3":1,"minecraft:smooth_basalt":10,"minecraft:stone":568,"minecraft:oak_leaves":1,"minecraft:deepslate":167},"minecraft:crafted":{"minecraft:oak_planks":32,"minecraft:crafting_table":2,"minecraft:wooden_pickaxe":1,"minecraft:iron_sword":1,"minecraft:air":0,"quark:oak_chest":1,"minecraft:stick":8,"minecraft:iron_ingot":12,"minecraft:stone_pickaxe":1,"minecraft:torch":12}},"DataVersion":3465}