{"stats":{"minecraft:custom":{"minecraft:interact_with_furnace":3,"minecraft:mob_kills":45,"tombstone:raider_killed":1,"minecraft:interact_with_crafting_table":3,"minecraft:damage_dealt_resisted":1897,"minecraft:leave_game":5,"minecraft:time_since_death":7410,"minecraft:time_since_rest":7243,"minecraft:sprint_one_cm":59484,"minecraft:damage_taken":4221,"minecraft:walk_one_cm":165285,"minecraft:drop":41,"tombstone:eaten_lollipop":1,"minecraft:damage_dealt":9714,"minecraft:swim_one_cm":35345,"minecraft:fly_one_cm":96965,"minecraft:open_chest":1,"minecraft:play_time":89739,"minecraft:crouch_one_cm":2900,"tombstone:undead_killed":22,"minecraft:deaths":15,"minecraft:sneak_time":2104,"minecraft:walk_under_water_one_cm":16150,"minecraft:jump":812,"minecraft:walk_on_water_one_cm":19066,"minecraft:total_world_time":89739,"minecraft:fall_one_cm":24465},"minecraft:broken":{"minecraft:wooden_pickaxe":1},"minecraft:killed":{"luminousworld:miner_zombie":3,"minecraft:cave_spider":1,"earthmobsmod:bouldering_zombie":1,"minecraft:witch":1,"born_in_chaos_v1:diamond_termite":1,"enemyexpansion:equestrian":1,"undead_revamp2:the_moonflower":1,"enemyexpansion:sprinter":2,"minecraft:creeper":1,"born_in_chaos_v1:maggot":2,"born_in_chaos_v1:decrepit_skeleton":2,"naturalist:snail":1,"minecraft:skeleton":1,"minecraft:zombie":9,"endermanoverhaul:cave_enderman":2,"born_in_chaos_v1:corpse_fly":3,"enemyexpansion:botfly":5,"born_in_chaos_v1:skeleton_thrasher":1,"enemyexpansion:slugger":1,"artifacts:mimic":1,"alexsmobs:rocky_roller":1},"minecraft:dropped":{"minecraft:iron_sword":1,"minecraft:wheat_seeds":1,"alexsmobs:animal_dictionary":1,"luminousworld:ishstone":10,"minecraft:oak_planks":9,"minecraft:rotten_flesh":23,"minecraft:amethyst_block":2,"minecraft:granite":9,"earthmobsmod:harder_flesh":2,"minecraft:flint":1,"minecraft:dirt":16,"supplementaries:ash":6,"minecraft:gunpowder":2,"minecraft:andesite":9,"minecraft:iron_pickaxe":1,"minecraft:calcite":3,"born_in_chaos_v1:marigolds":2,"minecraft:redstone":2,"minecraft:bone":18},"minecraft:killed_by":{"undead_revamp2:the_moonflower":4,"endermanoverhaul:cave_enderman":2,"minecraft:skeleton":2,"minecraft:zombie":1,"born_in_chaos_v1:corpse_fly":1,"born_in_chaos_v1:maggot":1},"minecraft:mined":{"minecraft:tuff":42,"born_in_chaos_v1:marigolds":1,"iceandfire:silver_ore":6,"minecraft:deepslate_diamond_ore":19,"minecraft:medium_amethyst_bud":2,"born_in_chaos_v1:infected_diamond_ore":2,"minecraft:crafting_table":2,"minecraft:granite":15,"minecraft:budding_amethyst":1,"minecraft:grass_block":3,"minecraft:calcite":4,"luminousworld:grassvariant_2":1,"minecraft:copper_ore":4,"minecraft:lapis_ore":6,"minecraft:deepslate_gold_ore":2,"minecraft:diorite":28,"minecraft:amethyst_block":2,"supplementaries:urn":8,"minecraft:iron_ore":85,"minecraft:andesite":12,"minecraft:grass":5,"minecraft:oak_log":10,"minecraft:pointed_dripstone":20,"minecraft:coal_ore":51,"luminousworld:ishstone":12,"minecraft:deepslate_iron_ore":18,"minecraft:dripstone_block":61,"minecraft:gravel":2,"minecraft:dirt":5,"luminousworld:grassvariant_3":1,"minecraft:smooth_basalt":10,"minecraft:stone":225,"minecraft:oak_leaves":1,"minecraft:deepslate":167},"minecraft:picked_up":{"born_in_chaos_v1:diamond_termite_shard":1,"minecraft:crafting_table":2,"minecraft:chainmail_boots":1,"minecraft:andesite":9,"luminousworld:ishstone":10,"artifacts:anglers_hat":1,"minecraft:flint":1,"minecraft:oak_log":8,"minecraft:gunpowder":3,"minecraft:amethyst_block":2,"minecraft:lapis_lazuli":34,"minecraft:dirt":16,"minecraft:raw_copper":11,"tombstone:gift":1,"minecraft:iron_axe":3,"born_in_chaos_v1:marigolds":2,"minecraft:bone":28,"minecraft:wheat_seeds":2,"minecraft:raw_gold":2,"minecraft:iron_ingot":2,"minecraft:calcite":3,"minecraft:iron_pickaxe":2,"minecraft:oak_planks":9,"minecraft:iron_sword":1,"minecraft:iron_boots":1,"minecraft:stick":3,"minecraft:raw_iron":108,"minecraft:smooth_basalt":10,"earthmobsmod:harder_flesh":2,"minecraft:gravel":1,"minecraft:redstone":2,"tombstone:grave_dust":9,"minecraft:diorite":19,"born_in_chaos_v1:pieceofdarkmetal":1,"alexsmobs:animal_dictionary":1,"tombstone:lollipop":1,"minecraft:sugar":1,"minecraft:rotten_flesh":46,"minecraft:diamond":19,"minecraft:granite":9,"tombstone:essence_of_undeath":1,"minecraft:bread":8,"minecraft:emerald":7,"supplementaries:ash":6,"minecraft:coal":54,"iceandfire:raw_silver":6,"minecraft:cobblestone":207},"minecraft:used":{"minecraft:stone_pickaxe":43,"minecraft:wooden_pickaxe":59,"minecraft:iron_sword":207,"tombstone:lollipop":1,"minecraft:rotten_flesh":6,"minecraft:torch":4,"minecraft:crafting_table":3,"minecraft:iron_axe":15,"minecraft:iron_pickaxe":230,"minecraft:iron_boots":1,"tombstone:grave_key":22,"minecraft:cobblestone":17,"vanillaplustools:iron_hammer":70,"tombstone:gift":6,"alexsmobs:animal_dictionary":1},"minecraft:crafted":{"minecraft:oak_planks":32,"minecraft:crafting_table":2,"minecraft:wooden_pickaxe":1,"minecraft:iron_sword":1,"minecraft:air":0,"minecraft:stick":8,"quark:oak_chest":1,"minecraft:iron_ingot":12,"minecraft:stone_pickaxe":1,"minecraft:torch":8}},"DataVersion":3465}