{"stats":{"minecraft:crafted":{"minecraft:oak_planks":32,"minecraft:crafting_table":2,"minecraft:wooden_pickaxe":1,"minecraft:iron_sword":1,"minecraft:air":0,"minecraft:stick":8,"quark:oak_chest":1,"minecraft:iron_ingot":12,"minecraft:stone_pickaxe":1,"minecraft:torch":8},"minecraft:killed_by":{"undead_revamp2:the_moonflower":4,"minecraft:zombie":1},"minecraft:used":{"minecraft:stone_pickaxe":43,"minecraft:wooden_pickaxe":59,"minecraft:iron_sword":64,"tombstone:lollipop":1,"minecraft:torch":4,"minecraft:crafting_table":3,"minecraft:iron_axe":10,"minecraft:iron_pickaxe":166,"tombstone:grave_key":16,"tombstone:gift":4,"alexsmobs:animal_dictionary":1},"minecraft:mined":{"iceandfire:silver_ore":6,"born_in_chaos_v1:marigolds":1,"minecraft:medium_amethyst_bud":2,"minecraft:crafting_table":2,"minecraft:granite":9,"minecraft:budding_amethyst":1,"minecraft:grass_block":3,"minecraft:calcite":4,"luminousworld:grassvariant_2":1,"minecraft:copper_ore":4,"minecraft:diorite":3,"minecraft:amethyst_block":2,"minecraft:iron_ore":11,"minecraft:andesite":8,"minecraft:grass":5,"minecraft:coal_ore":51,"minecraft:oak_log":10,"luminousworld:ishstone":6,"minecraft:gravel":2,"minecraft:dirt":5,"luminousworld:grassvariant_3":1,"minecraft:smooth_basalt":10,"minecraft:stone":129,"minecraft:oak_leaves":1},"minecraft:broken":{"minecraft:wooden_pickaxe":1},"minecraft:picked_up":{"minecraft:crafting_table":2,"minecraft:andesite":8,"luminousworld:ishstone":6,"minecraft:flint":1,"minecraft:oak_log":8,"minecraft:gunpowder":2,"minecraft:amethyst_block":2,"minecraft:dirt":8,"tombstone:gift":1,"minecraft:raw_copper":11,"minecraft:iron_axe":3,"born_in_chaos_v1:marigolds":1,"minecraft:bone":22,"minecraft:wheat_seeds":2,"minecraft:iron_ingot":1,"minecraft:calcite":3,"minecraft:iron_pickaxe":1,"minecraft:iron_sword":1,"minecraft:stick":3,"minecraft:raw_iron":10,"minecraft:smooth_basalt":10,"minecraft:gravel":1,"minecraft:diorite":3,"born_in_chaos_v1:pieceofdarkmetal":1,"tombstone:lollipop":1,"minecraft:rotten_flesh":25,"minecraft:granite":9,"minecraft:coal":51,"iceandfire:raw_silver":6,"minecraft:cobblestone":127},"minecraft:dropped":{"minecraft:iron_sword":1,"minecraft:wheat_seeds":1,"minecraft:rotten_flesh":23,"minecraft:gunpowder":2,"minecraft:bone":18},"minecraft:killed":{"undead_revamp2:the_moonflower":1,"enemyexpansion:equestrian":1,"minecraft:creeper":1,"naturalist:snail":1,"born_in_chaos_v1:skeleton_thrasher":1},"minecraft:custom":{"minecraft:interact_with_furnace":2,"minecraft:mob_kills":6,"minecraft:interact_with_crafting_table":3,"minecraft:damage_dealt_resisted":1867,"minecraft:leave_game":1,"minecraft:time_since_death":1306,"minecraft:time_since_rest":1053,"minecraft:sprint_one_cm":27973,"minecraft:damage_taken":2400,"minecraft:walk_one_cm":72728,"minecraft:drop":23,"tombstone:eaten_lollipop":1,"minecraft:damage_dealt":2626,"minecraft:swim_one_cm":29311,"minecraft:fly_one_cm":49305,"minecraft:open_chest":1,"minecraft:crouch_one_cm":1745,"minecraft:deaths":9,"minecraft:play_time":38323,"tombstone:undead_killed":3,"minecraft:sneak_time":936,"minecraft:walk_under_water_one_cm":14050,"minecraft:jump":364,"minecraft:walk_on_water_one_cm":5382,"minecraft:total_world_time":38323,"minecraft:fall_one_cm":9106}},"DataVersion":3465}