{"stats":{"minecraft:mined":{"minecraft:iron_ore":1,"minecraft:spruce_log":25,"minecraft:pumpkin":5,"minecraft:short_grass":8,"minecraft:grass_block":6,"minecraft:dirt":4,"minecraft:spruce_leaves":2,"minecraft:stone":3,"minecraft:blue_bed":2},"minecraft:dropped":{"minecraft:shield":1},"minecraft:used":{"minecraft:wooden_axe":26,"minecraft:bread":9,"minecraft:stone_pickaxe":9,"minecraft:poppy":2,"minecraft:shield":2,"minecraft:wooden_pickaxe":3,"minecraft:leather_chestplate":1,"minecraft:blue_bed":2,"minecraft:dirt":10,"minecraft:potato":2,"minecraft:pumpkin":5},"minecraft:picked_up":{"minecraft:stick":3,"minecraft:raw_iron":1,"minecraft:pumpkin":5,"minecraft:andesite":1,"minecraft:wooden_pickaxe":1,"minecraft:spruce_sapling":1,"minecraft:shield":2,"minecraft:spruce_log":23,"minecraft:string":2,"minecraft:blue_bed":3,"minecraft:dirt":10,"minecraft:rotten_flesh":6,"minecraft:wheat_seeds":1,"minecraft:rabbit_hide":1,"minecraft:poppy":2,"minecraft:rabbit":1,"minecraft:snowball":16,"minecraft:cobblestone":3},"minecraft:crafted":{"minecraft:spruce_planks":28,"minecraft:stick":12,"minecraft:stone_pickaxe":1,"minecraft:wooden_axe":1},"minecraft:killed":{"minecraft:zombie":1,"minecraft:rabbit":1},"minecraft:custom":{"minecraft:time_since_rest":671,"minecraft:interact_with_furnace":6,"minecraft:sprint_one_cm":114959,"minecraft:damage_taken":617,"minecraft:walk_one_cm":119719,"minecraft:damage_blocked_by_shield":50,"minecraft:mob_kills":3,"minecraft:drop":1,"minecraft:damage_dealt":470,"minecraft:interact_with_crafting_table":7,"minecraft:fly_one_cm":42600,"minecraft:open_chest":4,"minecraft:crouch_one_cm":860,"minecraft:play_time":28833,"minecraft:deaths":1,"minecraft:sneak_time":143,"minecraft:bell_ring":4,"minecraft:jump":271,"minecraft:interact_with_stonecutter":1,"minecraft:interact_with_blast_furnace":1,"minecraft:leave_game":2,"minecraft:time_since_death":551,"minecraft:walk_on_water_one_cm":1211,"minecraft:sleep_in_bed":2,"minecraft:total_world_time":28833,"minecraft:fall_one_cm":4428},"minecraft:killed_by":{"minecraft:zombie":1}},"DataVersion":3955}