{"stats":{"minecraft:used":{"minecraft:redstone_torch":2,"minecraft:wooden_axe":26,"minecraft:light_gray_carpet":3,"minecraft:wooden_pickaxe":16,"minecraft:white_carpet":11,"minecraft:crafting_table":3,"minecraft:red_bed":2,"minecraft:furnace":2,"minecraft:oak_boat":3,"minecraft:cooked_beef":3},"minecraft:crafted":{"minecraft:cooked_beef":4,"minecraft:oak_boat":1,"minecraft:oak_planks":8,"minecraft:spruce_planks":12,"minecraft:stick":4,"minecraft:wooden_pickaxe":1,"minecraft:wooden_axe":1,"minecraft:furnace":1,"minecraft:air":0},"minecraft:killed":{"minecraft:cow":20},"minecraft:mined":{"minecraft:seagrass":1,"minecraft:light_gray_carpet":3,"minecraft:furnace":2,"minecraft:red_bed":3,"minecraft:redstone_torch":3,"minecraft:white_carpet":11,"minecraft:spruce_log":3,"minecraft:pumpkin":5,"minecraft:crafting_table":4,"minecraft:short_grass":6,"minecraft:grass_block":3,"minecraft:oak_log":2,"minecraft:dirt":2,"minecraft:tall_grass":3,"minecraft:stone":12,"minecraft:sugar_cane":10},"minecraft:picked_up":{"minecraft:crafting_table":4,"minecraft:pumpkin":5,"minecraft:leather":14,"minecraft:oak_log":2,"minecraft:spruce_log":3,"minecraft:dirt":5,"minecraft:red_bed":3,"minecraft:white_carpet":11,"minecraft:bone":1,"minecraft:beef":43,"minecraft:oak_boat":2,"minecraft:redstone_torch":3,"minecraft:light_gray_carpet":3,"minecraft:sugar_cane":26,"minecraft:cobblestone":12,"minecraft:furnace":2},"minecraft:custom":{"minecraft:time_since_rest":16933,"minecraft:interact_with_furnace":7,"minecraft:sprint_one_cm":35084,"minecraft:damage_taken":108,"minecraft:walk_one_cm":128246,"minecraft:mob_kills":20,"minecraft:damage_dealt":2010,"minecraft:interact_with_crafting_table":4,"minecraft:fly_one_cm":61427,"minecraft:crouch_one_cm":1277,"minecraft:play_time":25551,"minecraft:sneak_time":211,"minecraft:walk_under_water_one_cm":6,"minecraft:boat_one_cm":155135,"minecraft:jump":524,"minecraft:leave_game":1,"minecraft:walk_on_water_one_cm":1791,"minecraft:time_since_death":25551,"minecraft:sleep_in_bed":4,"minecraft:total_world_time":25551,"minecraft:fall_one_cm":12823}},"DataVersion":3955}