{"stats":{"minecraft:used":{"minecraft:white_carpet":8,"minecraft:red_bed":1},"minecraft:mined":{"minecraft:white_carpet":9,"minecraft:red_bed":1},"minecraft:picked_up":{"minecraft:white_carpet":8,"minecraft:sugar_cane":1,"minecraft:red_bed":1},"minecraft:custom":{"minecraft:jump":125,"minecraft:time_since_rest":0,"minecraft:crouch_one_cm":389,"minecraft:sprint_one_cm":14789,"minecraft:play_time":4104,"minecraft:damage_taken":40,"minecraft:time_since_death":4104,"minecraft:walk_one_cm":5481,"minecraft:sleep_in_bed":2,"minecraft:sneak_time":119,"minecraft:total_world_time":4104,"minecraft:fall_one_cm":4604,"minecraft:fly_one_cm":40849}},"DataVersion":3955}