{"stats":{"minecraft:crafted":{"minecraft:oak_boat":1,"minecraft:oak_planks":8,"minecraft:spruce_planks":12,"minecraft:stick":4,"minecraft:wooden_pickaxe":1,"minecraft:wooden_axe":1},"minecraft:used":{"minecraft:redstone_torch":2,"minecraft:wooden_axe":12,"minecraft:light_gray_carpet":3,"minecraft:white_carpet":11,"minecraft:crafting_table":2,"minecraft:red_bed":2,"minecraft:oak_boat":2},"minecraft:killed":{"minecraft:cow":8},"minecraft:mined":{"minecraft:seagrass":1,"minecraft:light_gray_carpet":3,"minecraft:red_bed":3,"minecraft:redstone_torch":3,"minecraft:white_carpet":11,"minecraft:spruce_log":3,"minecraft:pumpkin":5,"minecraft:crafting_table":3,"minecraft:short_grass":2,"minecraft:grass_block":1,"minecraft:oak_log":2,"minecraft:dirt":1,"minecraft:sugar_cane":7},"minecraft:picked_up":{"minecraft:crafting_table":3,"minecraft:pumpkin":5,"minecraft:leather":6,"minecraft:oak_log":2,"minecraft:spruce_log":3,"minecraft:dirt":2,"minecraft:red_bed":3,"minecraft:white_carpet":11,"minecraft:bone":1,"minecraft:beef":17,"minecraft:oak_boat":2,"minecraft:redstone_torch":3,"minecraft:light_gray_carpet":3,"minecraft:sugar_cane":16},"minecraft:custom":{"minecraft:time_since_rest":7486,"minecraft:interact_with_furnace":1,"minecraft:sprint_one_cm":27595,"minecraft:damage_taken":98,"minecraft:walk_one_cm":99127,"minecraft:mob_kills":8,"minecraft:damage_dealt":810,"minecraft:interact_with_crafting_table":3,"minecraft:fly_one_cm":54816,"minecraft:crouch_one_cm":1123,"minecraft:play_time":16104,"minecraft:sneak_time":194,"minecraft:boat_one_cm":19028,"minecraft:jump":397,"minecraft:walk_on_water_one_cm":945,"minecraft:time_since_death":16104,"minecraft:sleep_in_bed":4,"minecraft:total_world_time":16104,"minecraft:fall_one_cm":9504}},"DataVersion":3955}