{"stats":{"minecraft:picked_up":{"minecraft:crafting_table":3,"minecraft:feather":4,"minecraft:cooked_beef":7,"minecraft:chicken":6,"minecraft:andesite":1,"minecraft:leather":7,"minecraft:smoker":1,"minecraft:oak_log":125,"minecraft:dirt":28,"minecraft:apple":3,"minecraft:wheat_seeds":3,"minecraft:beef":12,"minecraft:stone_pickaxe":1,"minecraft:light_gray_wool":2,"minecraft:egg":6,"minecraft:stick":11,"minecraft:raw_iron":2,"minecraft:torch":3,"minecraft:porkchop":28,"minecraft:ink_sac":1,"minecraft:diorite":3,"minecraft:spruce_log":2,"minecraft:rotten_flesh":9,"minecraft:gray_wool":1,"minecraft:oak_sapling":22,"minecraft:mutton":10,"minecraft:coal":58,"minecraft:cobblestone":56,"minecraft:white_wool":3},"minecraft:used":{"minecraft:stone_sword":106,"minecraft:stone_pickaxe":121,"minecraft:rotten_flesh":7,"minecraft:torch":12,"minecraft:dirt":5,"minecraft:crafting_table":3,"minecraft:smoker":1,"minecraft:apple":3,"minecraft:chicken":6,"minecraft:stone_axe":129,"minecraft:cobblestone":21,"minecraft:beef":2,"minecraft:oak_sapling":22,"minecraft:cooked_porkchop":3,"minecraft:andesite":1,"minecraft:cooked_beef":1},"minecraft:custom":{"minecraft:mob_kills":40,"minecraft:interact_with_crafting_table":4,"minecraft:leave_game":4,"minecraft:time_since_death":51339,"minecraft:time_since_rest":51339,"minecraft:sprint_one_cm":180353,"minecraft:damage_taken":602,"minecraft:walk_one_cm":172734,"minecraft:damage_dealt":4208,"minecraft:swim_one_cm":1248,"minecraft:talked_to_villager":3,"minecraft:fly_one_cm":115230,"minecraft:crouch_one_cm":635,"minecraft:play_time":51339,"minecraft:sneak_time":538,"minecraft:walk_under_water_one_cm":1787,"minecraft:boat_one_cm":38528,"minecraft:jump":866,"minecraft:walk_on_water_one_cm":13061,"minecraft:total_world_time":51339,"minecraft:interact_with_smoker":9,"minecraft:fall_one_cm":12154},"minecraft:mined":{"minecraft:oak_sapling":1,"minecraft:smoker":1,"minecraft:crafting_table":3,"minecraft:torch":2,"minecraft:short_grass":16,"minecraft:grass_block":3,"minecraft:cobblestone":1,"minecraft:tall_grass":3,"minecraft:spruce_leaves":4,"minecraft:diorite":2,"minecraft:wall_torch":1,"minecraft:iron_ore":2,"minecraft:andesite":1,"minecraft:coal_ore":58,"minecraft:oak_log":125,"minecraft:dirt":5,"minecraft:stone":55,"minecraft:oak_leaves":24},"minecraft:crafted":{"minecraft:cooked_beef":10,"minecraft:oak_planks":44,"minecraft:cooked_porkchop":23,"minecraft:crafting_table":1,"minecraft:furnace":1,"minecraft:stone_axe":1,"minecraft:air":0,"minecraft:stick":8,"minecraft:stone_pickaxe":1,"minecraft:stone_sword":1,"minecraft:torch":48,"minecraft:smoker":1},"minecraft:killed":{"minecraft:pig":14,"minecraft:squid":1,"minecraft:sheep":6,"minecraft:zombie":6,"minecraft:chicken":6,"minecraft:cow":7},"minecraft:broken":{"minecraft:stone_pickaxe":1}},"DataVersion":3955}