{"stats":{"minecraft:picked_up":{"minecraft:stick":11,"minecraft:crafting_table":2,"minecraft:cooked_beef":5,"minecraft:chicken":1,"minecraft:leather":2,"minecraft:porkchop":7,"minecraft:oak_log":125,"minecraft:dirt":8,"minecraft:rotten_flesh":2,"minecraft:apple":3,"minecraft:wheat_seeds":1,"minecraft:beef":6,"minecraft:stone_pickaxe":1,"minecraft:oak_sapling":22,"minecraft:cobblestone":38,"minecraft:egg":3},"minecraft:used":{"minecraft:stone_sword":12,"minecraft:stone_pickaxe":38,"minecraft:rotten_flesh":2,"minecraft:stone_axe":126,"minecraft:dirt":5,"minecraft:cobblestone":2,"minecraft:crafting_table":2,"minecraft:oak_sapling":22,"minecraft:cooked_beef":1},"minecraft:custom":{"minecraft:time_since_rest":21355,"minecraft:sprint_one_cm":43493,"minecraft:damage_taken":60,"minecraft:walk_one_cm":58219,"minecraft:mob_kills":6,"minecraft:damage_dealt":570,"minecraft:interact_with_crafting_table":3,"minecraft:fly_one_cm":56485,"minecraft:crouch_one_cm":632,"minecraft:play_time":21355,"minecraft:sneak_time":370,"minecraft:boat_one_cm":38528,"minecraft:jump":280,"minecraft:leave_game":3,"minecraft:time_since_death":21355,"minecraft:total_world_time":21355,"minecraft:fall_one_cm":5101},"minecraft:mined":{"minecraft:oak_sapling":1,"minecraft:crafting_table":2,"minecraft:short_grass":12,"minecraft:grass_block":3,"minecraft:oak_log":125,"minecraft:dirt":5,"minecraft:tall_grass":3,"minecraft:stone":38,"minecraft:oak_leaves":18},"minecraft:crafted":{"minecraft:oak_planks":44,"minecraft:crafting_table":1,"minecraft:stick":8,"minecraft:stone_pickaxe":1,"minecraft:stone_sword":1,"minecraft:stone_axe":1},"minecraft:killed":{"minecraft:pig":3,"minecraft:chicken":1,"minecraft:cow":2},"minecraft:broken":{"minecraft:stone_pickaxe":1}},"DataVersion":3955}