{"stats":{"minecraft:picked_up":{"minecraft:crafting_table":2,"minecraft:stick":11,"minecraft:raw_iron":2,"minecraft:feather":4,"minecraft:cooked_beef":5,"minecraft:chicken":6,"minecraft:leather":4,"minecraft:torch":2,"minecraft:porkchop":23,"minecraft:oak_log":125,"minecraft:ink_sac":1,"minecraft:dirt":8,"minecraft:rotten_flesh":7,"minecraft:apple":3,"minecraft:wheat_seeds":3,"minecraft:beef":10,"minecraft:stone_pickaxe":1,"minecraft:gray_wool":1,"minecraft:light_gray_wool":2,"minecraft:oak_sapling":22,"minecraft:mutton":5,"minecraft:coal":19,"minecraft:cobblestone":48,"minecraft:egg":5},"minecraft:used":{"minecraft:stone_sword":73,"minecraft:apple":3,"minecraft:stone_pickaxe":69,"minecraft:chicken":4,"minecraft:rotten_flesh":3,"minecraft:torch":2,"minecraft:stone_axe":128,"minecraft:dirt":5,"minecraft:cobblestone":2,"minecraft:crafting_table":2,"minecraft:oak_sapling":22,"minecraft:cooked_beef":1},"minecraft:custom":{"minecraft:time_since_rest":33339,"minecraft:damage_taken":315,"minecraft:sprint_one_cm":110199,"minecraft:walk_one_cm":118224,"minecraft:mob_kills":29,"minecraft:damage_dealt":2947,"minecraft:interact_with_crafting_table":3,"minecraft:fly_one_cm":80114,"minecraft:crouch_one_cm":632,"minecraft:play_time":33339,"minecraft:sneak_time":384,"minecraft:walk_under_water_one_cm":647,"minecraft:boat_one_cm":38528,"minecraft:jump":510,"minecraft:leave_game":4,"minecraft:time_since_death":33339,"minecraft:walk_on_water_one_cm":6766,"minecraft:total_world_time":33339,"minecraft:fall_one_cm":7981},"minecraft:mined":{"minecraft:oak_sapling":1,"minecraft:iron_ore":2,"minecraft:crafting_table":2,"minecraft:torch":2,"minecraft:short_grass":16,"minecraft:grass_block":3,"minecraft:oak_log":125,"minecraft:coal_ore":19,"minecraft:dirt":5,"minecraft:tall_grass":3,"minecraft:spruce_leaves":1,"minecraft:stone":48,"minecraft:oak_leaves":20},"minecraft:crafted":{"minecraft:oak_planks":44,"minecraft:crafting_table":1,"minecraft:stick":8,"minecraft:stone_pickaxe":1,"minecraft:stone_sword":1,"minecraft:torch":4,"minecraft:stone_axe":1},"minecraft:killed":{"minecraft:sheep":3,"minecraft:zombie":4,"minecraft:pig":10,"minecraft:chicken":6,"minecraft:squid":1,"minecraft:cow":5},"minecraft:broken":{"minecraft:stone_pickaxe":1}},"DataVersion":3955}