{"stats":{"minecraft:broken":{"minecraft:stone_pickaxe":1},"minecraft:crafted":{"minecraft:oak_planks":44,"minecraft:stone_axe":1,"minecraft:crafting_table":1,"minecraft:stick":8,"minecraft:stone_pickaxe":1,"minecraft:stone_sword":1},"minecraft:used":{"minecraft:rotten_flesh":2,"minecraft:stone_axe":14,"minecraft:dirt":5,"minecraft:cobblestone":2,"minecraft:crafting_table":2,"minecraft:stone_pickaxe":38,"minecraft:cooked_beef":1},"minecraft:mined":{"minecraft:short_grass":12,"minecraft:grass_block":1,"minecraft:oak_log":24,"minecraft:dirt":4,"minecraft:stone":38,"minecraft:oak_leaves":2,"minecraft:crafting_table":2},"minecraft:picked_up":{"minecraft:crafting_table":2,"minecraft:cooked_beef":5,"minecraft:rotten_flesh":2,"minecraft:apple":1,"minecraft:wheat_seeds":1,"minecraft:stone_pickaxe":1,"minecraft:oak_log":23,"minecraft:oak_sapling":2,"minecraft:dirt":5,"minecraft:cobblestone":38},"minecraft:custom":{"minecraft:time_since_rest":12668,"minecraft:crouch_one_cm":507,"minecraft:damage_taken":60,"minecraft:sprint_one_cm":19633,"minecraft:play_time":12668,"minecraft:walk_one_cm":21852,"minecraft:sneak_time":353,"minecraft:boat_one_cm":38528,"minecraft:jump":170,"minecraft:damage_dealt":30,"minecraft:leave_game":1,"minecraft:time_since_death":12668,"minecraft:total_world_time":12668,"minecraft:interact_with_crafting_table":3,"minecraft:fall_one_cm":3996,"minecraft:fly_one_cm":44732}},"DataVersion":3955}