{"stats":{"minecraft:broken":{"minecraft:stone_pickaxe":1},"minecraft:used":{"minecraft:stone_pickaxe":38,"minecraft:rotten_flesh":2,"minecraft:stone_axe":112,"minecraft:dirt":5,"minecraft:cobblestone":2,"minecraft:crafting_table":2,"minecraft:oak_sapling":15,"minecraft:cooked_beef":1},"minecraft:crafted":{"minecraft:oak_planks":44,"minecraft:crafting_table":1,"minecraft:stick":8,"minecraft:stone_pickaxe":1,"minecraft:stone_sword":1,"minecraft:stone_axe":1},"minecraft:mined":{"minecraft:oak_sapling":1,"minecraft:crafting_table":2,"minecraft:short_grass":12,"minecraft:grass_block":3,"minecraft:oak_log":114,"minecraft:dirt":5,"minecraft:stone":38,"minecraft:oak_leaves":17},"minecraft:picked_up":{"minecraft:stick":10,"minecraft:crafting_table":2,"minecraft:cooked_beef":5,"minecraft:oak_log":114,"minecraft:dirt":8,"minecraft:rotten_flesh":2,"minecraft:apple":2,"minecraft:wheat_seeds":1,"minecraft:stone_pickaxe":1,"minecraft:oak_sapling":21,"minecraft:cobblestone":38},"minecraft:custom":{"minecraft:time_since_rest":19078,"minecraft:sprint_one_cm":34015,"minecraft:damage_taken":60,"minecraft:walk_one_cm":47664,"minecraft:damage_dealt":30,"minecraft:interact_with_crafting_table":3,"minecraft:fly_one_cm":47891,"minecraft:crouch_one_cm":550,"minecraft:play_time":19078,"minecraft:sneak_time":359,"minecraft:boat_one_cm":38528,"minecraft:jump":237,"minecraft:leave_game":3,"minecraft:time_since_death":19078,"minecraft:total_world_time":19078,"minecraft:fall_one_cm":4472}},"DataVersion":3955}