{"stats":{"minecraft:picked_up":{"minecraft:crafting_table":3,"minecraft:feather":4,"minecraft:cooked_beef":7,"minecraft:chicken":7,"minecraft:andesite":1,"minecraft:leather":9,"minecraft:smoker":1,"minecraft:oak_log":125,"minecraft:string":6,"minecraft:dirt":28,"minecraft:apple":3,"minecraft:wheat_seeds":3,"minecraft:cobbled_deepslate":1,"minecraft:stone_pickaxe":1,"minecraft:beef":15,"minecraft:rabbit":1,"minecraft:light_gray_wool":2,"minecraft:dark_oak_stairs":1,"minecraft:egg":6,"minecraft:stick":11,"minecraft:raw_iron":8,"minecraft:torch":3,"minecraft:spruce_stairs":1,"minecraft:porkchop":37,"minecraft:sand":1,"minecraft:ink_sac":1,"minecraft:diorite":3,"minecraft:spruce_log":2,"minecraft:rabbit_foot":1,"minecraft:rotten_flesh":9,"minecraft:gray_wool":1,"minecraft:oak_sapling":22,"minecraft:mutton":20,"minecraft:coal":58,"minecraft:cobblestone":56,"minecraft:white_wool":10},"minecraft:used":{"minecraft:cooked_mutton":2,"minecraft:stone_sword":137,"minecraft:stone_pickaxe":129,"minecraft:rotten_flesh":9,"minecraft:torch":18,"minecraft:dirt":5,"minecraft:crafting_table":3,"minecraft:smoker":1,"minecraft:apple":3,"minecraft:chicken":6,"minecraft:stone_axe":130,"minecraft:cobblestone":24,"minecraft:beef":2,"minecraft:oak_sapling":22,"minecraft:cooked_porkchop":3,"minecraft:andesite":1,"minecraft:cooked_beef":1},"minecraft:custom":{"minecraft:mob_kills":52,"minecraft:interact_with_crafting_table":4,"minecraft:leave_game":6,"minecraft:time_since_death":13765,"minecraft:time_since_rest":13865,"minecraft:sprint_one_cm":235615,"minecraft:damage_taken":880,"minecraft:walk_one_cm":209529,"minecraft:damage_dealt":5178,"minecraft:swim_one_cm":6870,"minecraft:talked_to_villager":3,"minecraft:fly_one_cm":265473,"minecraft:crouch_one_cm":1162,"minecraft:play_time":66207,"minecraft:deaths":1,"minecraft:sneak_time":984,"minecraft:walk_under_water_one_cm":1989,"minecraft:boat_one_cm":38528,"minecraft:jump":1126,"minecraft:walk_on_water_one_cm":15695,"minecraft:interact_with_smoker":9,"minecraft:total_world_time":66207,"minecraft:fall_one_cm":16489},"minecraft:mined":{"minecraft:oak_sapling":1,"minecraft:smoker":1,"minecraft:crafting_table":3,"minecraft:torch":2,"minecraft:short_grass":18,"minecraft:grass_block":3,"minecraft:tall_grass":3,"minecraft:cobblestone":1,"minecraft:spruce_leaves":6,"minecraft:diorite":2,"minecraft:wall_torch":1,"minecraft:spawner":1,"minecraft:iron_ore":2,"minecraft:andesite":1,"minecraft:oak_log":125,"minecraft:coal_ore":58,"minecraft:deepslate_iron_ore":6,"minecraft:dirt":5,"minecraft:cobweb":6,"minecraft:stone":55,"minecraft:deepslate":1,"minecraft:fern":1,"minecraft:oak_leaves":24},"minecraft:crafted":{"minecraft:cooked_beef":10,"minecraft:oak_planks":52,"minecraft:cooked_porkchop":23,"minecraft:crafting_table":2,"minecraft:furnace":1,"minecraft:stone_axe":1,"minecraft:air":0,"minecraft:stick":16,"minecraft:stone_pickaxe":1,"minecraft:stone_sword":1,"minecraft:torch":48,"minecraft:smoker":1},"minecraft:killed":{"minecraft:pig":18,"minecraft:rabbit":1,"minecraft:squid":1,"minecraft:sheep":11,"minecraft:zombie":6,"minecraft:chicken":7,"minecraft:cow":8},"minecraft:broken":{"minecraft:stone_pickaxe":1},"minecraft:killed_by":{"minecraft:creeper":1}},"DataVersion":3955}