{"stats":{"minecraft:dropped":{"minecraft:wheat_seeds":2,"minecraft:white_carpet":1,"minecraft:stick":2,"minecraft:poppy":2,"minecraft:shield":1,"minecraft:torch":1,"minecraft:andesite":2,"minecraft:wooden_pickaxe":1},"minecraft:used":{"minecraft:stone_sword":81,"minecraft:stone_pickaxe":95,"minecraft:wooden_pickaxe":20,"minecraft:shield":7,"minecraft:rotten_flesh":10,"minecraft:brewing_stand":1,"minecraft:torch":73,"minecraft:dirt":17,"minecraft:red_bed":3,"minecraft:crafting_table":7,"minecraft:blast_furnace":1,"minecraft:snowball":32,"minecraft:smoker":1,"minecraft:spruce_boat":2,"minecraft:chicken":1,"minecraft:iron_pickaxe":175,"minecraft:gravel":10,"minecraft:stone_axe":40,"minecraft:cobblestone":27,"minecraft:sweet_berries":14,"minecraft:furnace":4,"minecraft:andesite":1,"minecraft:bucket":1,"minecraft:egg":2,"minecraft:cooked_beef":6,"minecraft:cobbled_deepslate":1},"minecraft:crafted":{"minecraft:cooked_beef":8,"minecraft:smooth_stone":3,"minecraft:crafting_table":2,"minecraft:spruce_planks":92,"minecraft:iron_helmet":1,"minecraft:wooden_pickaxe":1,"minecraft:furnace":1,"minecraft:blast_furnace":1,"minecraft:stone":3,"minecraft:bucket":1,"minecraft:stone_axe":1,"minecraft:air":0,"minecraft:blue_dye":1,"minecraft:iron_boots":1,"minecraft:iron_chestplate":1,"minecraft:shield":2,"minecraft:stick":28,"minecraft:iron_ingot":55,"minecraft:iron_pickaxe":1,"minecraft:stone_pickaxe":1,"minecraft:stone_sword":1,"minecraft:iron_leggings":1,"minecraft:spruce_boat":1,"minecraft:torch":68,"minecraft:smoker":1},"minecraft:killed":{"minecraft:cat":1,"minecraft:iron_golem":1,"minecraft:creeper":3,"minecraft:polar_bear":1,"minecraft:skeleton":4,"minecraft:zombie":8,"minecraft:chicken":1,"minecraft:cow":10},"minecraft:mined":{"minecraft:deepslate_redstone_ore":6,"minecraft:red_bed":4,"minecraft:smoker":1,"minecraft:brewing_stand":1,"minecraft:crafting_table":6,"minecraft:torch":14,"minecraft:short_grass":22,"minecraft:blast_furnace":1,"minecraft:grass_block":5,"minecraft:cobblestone":1,"minecraft:spruce_leaves":12,"minecraft:lapis_ore":2,"minecraft:deepslate_gold_ore":3,"minecraft:sugar_cane":16,"minecraft:wall_torch":5,"minecraft:furnace":5,"minecraft:iron_ore":32,"minecraft:white_carpet":1,"minecraft:spruce_log":27,"minecraft:andesite":4,"minecraft:coal_ore":105,"minecraft:deepslate_iron_ore":23,"minecraft:gravel":3,"minecraft:dirt":13,"minecraft:stone":77,"minecraft:gold_ore":9,"minecraft:deepslate":6},"minecraft:picked_up":{"minecraft:crafting_table":6,"minecraft:feather":2,"minecraft:chicken":1,"minecraft:glow_ink_sac":3,"minecraft:andesite":4,"minecraft:leather":7,"minecraft:smoker":1,"minecraft:brewing_stand":1,"minecraft:gunpowder":3,"minecraft:dirt":19,"minecraft:lapis_lazuli":9,"minecraft:red_bed":4,"minecraft:string":3,"minecraft:white_carpet":1,"minecraft:bone":9,"minecraft:wheat_seeds":2,"minecraft:cobbled_deepslate":38,"minecraft:raw_gold":12,"minecraft:iron_ingot":3,"minecraft:beef":19,"minecraft:poppy":2,"minecraft:sugar_cane":59,"minecraft:furnace":5,"minecraft:egg":2,"minecraft:raw_iron":79,"minecraft:sweet_berries":25,"minecraft:torch":22,"minecraft:gravel":10,"minecraft:blast_furnace":1,"minecraft:spruce_log":27,"minecraft:redstone":26,"minecraft:arrow":6,"minecraft:rotten_flesh":12,"minecraft:spruce_boat":2,"minecraft:coal":129,"minecraft:snowball":32,"minecraft:cobblestone":87},"minecraft:custom":{"minecraft:interact_with_furnace":24,"minecraft:mob_kills":29,"minecraft:interact_with_crafting_table":23,"minecraft:bell_ring":1,"minecraft:leave_game":3,"minecraft:time_since_death":74521,"minecraft:sleep_in_bed":6,"minecraft:time_since_rest":12750,"minecraft:sprint_one_cm":206692,"minecraft:damage_taken":552,"minecraft:walk_one_cm":254976,"minecraft:damage_blocked_by_shield":242,"minecraft:drop":12,"minecraft:damage_dealt":5403,"minecraft:swim_one_cm":13152,"minecraft:talked_to_villager":1,"minecraft:fly_one_cm":234786,"minecraft:open_chest":1,"minecraft:crouch_one_cm":8864,"minecraft:play_time":74521,"minecraft:sneak_time":3678,"minecraft:walk_under_water_one_cm":5875,"minecraft:boat_one_cm":58552,"minecraft:jump":1433,"minecraft:interact_with_brewingstand":2,"minecraft:interact_with_blast_furnace":10,"minecraft:walk_on_water_one_cm":34404,"minecraft:total_world_time":74521,"minecraft:interact_with_smoker":4,"minecraft:fall_one_cm":21745}},"DataVersion":3955}