{"stats":{"minecraft:picked_up":{"minecraft:crafting_table":6,"minecraft:feather":6,"minecraft:chicken":3,"minecraft:glow_ink_sac":3,"minecraft:andesite":4,"minecraft:leather":16,"minecraft:smoker":2,"minecraft:flint":1,"minecraft:brewing_stand":1,"minecraft:gunpowder":5,"minecraft:lapis_lazuli":9,"minecraft:dirt":20,"minecraft:string":3,"minecraft:red_bed":7,"minecraft:white_carpet":1,"minecraft:bone":9,"minecraft:wheat_seeds":2,"minecraft:cobbled_deepslate":38,"minecraft:raw_gold":21,"minecraft:iron_ingot":4,"minecraft:beef":32,"minecraft:rose_bush":2,"minecraft:poppy":2,"minecraft:sugar_cane":65,"minecraft:furnace":5,"minecraft:egg":2,"minecraft:raw_iron":84,"minecraft:sweet_berries":25,"minecraft:torch":22,"minecraft:dandelion":1,"minecraft:gravel":12,"minecraft:porkchop":6,"minecraft:blast_furnace":1,"minecraft:spruce_log":27,"minecraft:redstone":26,"minecraft:arrow":7,"minecraft:rotten_flesh":15,"minecraft:spruce_boat":3,"minecraft:oak_sapling":2,"minecraft:black_wool":2,"minecraft:mutton":11,"minecraft:coal":147,"minecraft:snowball":32,"minecraft:white_wool":7,"minecraft:cobblestone":101},"minecraft:used":{"minecraft:water_bucket":5,"minecraft:rose_bush":1,"minecraft:stone_sword":131,"minecraft:flint_and_steel":1,"minecraft:stone_pickaxe":95,"minecraft:wooden_pickaxe":20,"minecraft:shield":10,"minecraft:rotten_flesh":10,"minecraft:white_wool":1,"minecraft:brewing_stand":1,"minecraft:torch":88,"minecraft:dirt":19,"minecraft:red_bed":7,"minecraft:crafting_table":7,"minecraft:blast_furnace":1,"minecraft:salmon_bucket":3,"minecraft:snowball":32,"minecraft:smoker":2,"minecraft:spruce_boat":3,"minecraft:lava_bucket":12,"minecraft:chicken":1,"minecraft:iron_pickaxe":222,"minecraft:gravel":12,"minecraft:stone_axe":42,"minecraft:cobblestone":42,"minecraft:sweet_berries":25,"minecraft:furnace":4,"minecraft:andesite":1,"minecraft:bucket":21,"minecraft:cooked_beef":8,"minecraft:egg":2,"minecraft:cobbled_deepslate":1},"minecraft:custom":{"minecraft:interact_with_furnace":24,"minecraft:mob_kills":53,"minecraft:interact_with_crafting_table":23,"minecraft:bell_ring":1,"minecraft:leave_game":4,"minecraft:time_since_death":98099,"minecraft:sleep_in_bed":9,"minecraft:time_since_rest":4325,"minecraft:sprint_one_cm":290946,"minecraft:damage_taken":663,"minecraft:walk_one_cm":336424,"minecraft:damage_blocked_by_shield":332,"minecraft:drop":29,"minecraft:damage_dealt":7922,"minecraft:swim_one_cm":28440,"minecraft:talked_to_villager":1,"minecraft:fly_one_cm":350658,"minecraft:open_chest":1,"minecraft:crouch_one_cm":9849,"minecraft:play_time":98099,"minecraft:sneak_time":4030,"minecraft:walk_under_water_one_cm":7302,"minecraft:boat_one_cm":67793,"minecraft:jump":1986,"minecraft:interact_with_brewingstand":2,"minecraft:interact_with_blast_furnace":10,"minecraft:walk_on_water_one_cm":38457,"minecraft:fall_one_cm":33636,"minecraft:total_world_time":98099,"minecraft:interact_with_smoker":8},"minecraft:mined":{"minecraft:deepslate_redstone_ore":6,"minecraft:red_bed":7,"minecraft:smoker":2,"minecraft:dandelion":1,"minecraft:brewing_stand":1,"minecraft:torch":14,"minecraft:crafting_table":6,"minecraft:short_grass":22,"minecraft:blast_furnace":1,"minecraft:grass_block":6,"minecraft:rose_bush":1,"minecraft:cobblestone":3,"minecraft:spruce_leaves":12,"minecraft:deepslate_gold_ore":3,"minecraft:lapis_ore":2,"minecraft:sugar_cane":18,"minecraft:wall_torch":5,"minecraft:furnace":5,"minecraft:iron_ore":37,"minecraft:fire":2,"minecraft:white_carpet":1,"minecraft:spruce_log":27,"minecraft:andesite":4,"minecraft:coal_ore":123,"minecraft:deepslate_iron_ore":23,"minecraft:gravel":6,"minecraft:dirt":13,"minecraft:stone":89,"minecraft:gold_ore":18,"minecraft:white_wool":1,"minecraft:oak_leaves":2,"minecraft:deepslate":6},"minecraft:crafted":{"minecraft:cooked_beef":18,"minecraft:smooth_stone":3,"minecraft:crafting_table":2,"minecraft:spruce_planks":92,"minecraft:iron_helmet":1,"minecraft:wooden_pickaxe":1,"minecraft:furnace":1,"minecraft:blast_furnace":1,"minecraft:stone":3,"minecraft:bucket":1,"minecraft:stone_axe":1,"minecraft:flint_and_steel":1,"minecraft:air":0,"minecraft:blue_dye":1,"minecraft:iron_boots":1,"minecraft:iron_chestplate":1,"minecraft:yellow_dye":1,"minecraft:shield":2,"minecraft:stick":28,"minecraft:iron_ingot":55,"minecraft:iron_pickaxe":1,"minecraft:stone_pickaxe":1,"minecraft:stone_sword":1,"minecraft:iron_leggings":1,"minecraft:spruce_boat":1,"minecraft:torch":68,"minecraft:smoker":1},"minecraft:dropped":{"minecraft:iron_ingot":1,"minecraft:wheat_seeds":2,"minecraft:cooked_beef":5,"minecraft:white_carpet":1,"minecraft:feather":2,"minecraft:rotten_flesh":3,"minecraft:stick":2,"minecraft:poppy":2,"minecraft:shield":1,"minecraft:torch":1,"minecraft:andesite":3,"minecraft:rose_bush":1,"minecraft:oak_sapling":2,"minecraft:stone_pickaxe":1,"minecraft:wooden_pickaxe":1,"minecraft:black_wool":2},"minecraft:killed":{"minecraft:cat":1,"minecraft:pig":3,"minecraft:iron_golem":1,"minecraft:creeper":4,"minecraft:polar_bear":1,"minecraft:sheep":3,"minecraft:skeleton":5,"minecraft:zombie":10,"minecraft:chicken":3,"minecraft:cow":17}},"DataVersion":3955}