{"stats":{"minecraft:mined":{"minecraft:red_bed":2,"minecraft:smoker":1,"minecraft:brewing_stand":1,"minecraft:torch":6,"minecraft:crafting_table":3,"minecraft:short_grass":22,"minecraft:grass_block":4,"minecraft:spruce_leaves":7,"minecraft:sugar_cane":3,"minecraft:wall_torch":1,"minecraft:furnace":2,"minecraft:iron_ore":20,"minecraft:spruce_log":27,"minecraft:andesite":2,"minecraft:coal_ore":35,"minecraft:deepslate_iron_ore":3,"minecraft:dirt":12,"minecraft:stone":23},"minecraft:dropped":{"minecraft:wheat_seeds":2,"minecraft:stick":2,"minecraft:poppy":2,"minecraft:shield":1,"minecraft:andesite":2,"minecraft:wooden_pickaxe":1},"minecraft:used":{"minecraft:stone_sword":45,"minecraft:stone_pickaxe":79,"minecraft:shield":6,"minecraft:wooden_pickaxe":20,"minecraft:rotten_flesh":4,"minecraft:torch":17,"minecraft:brewing_stand":1,"minecraft:dirt":17,"minecraft:crafting_table":5,"minecraft:red_bed":1,"minecraft:snowball":32,"minecraft:smoker":1,"minecraft:gravel":1,"minecraft:stone_axe":35,"minecraft:furnace":2,"minecraft:cooked_beef":4},"minecraft:picked_up":{"minecraft:crafting_table":3,"minecraft:andesite":2,"minecraft:leather":4,"minecraft:smoker":1,"minecraft:brewing_stand":1,"minecraft:gunpowder":2,"minecraft:dirt":17,"minecraft:string":3,"minecraft:red_bed":2,"minecraft:bone":9,"minecraft:wheat_seeds":2,"minecraft:iron_ingot":3,"minecraft:beef":7,"minecraft:poppy":2,"minecraft:sugar_cane":13,"minecraft:furnace":2,"minecraft:raw_iron":23,"minecraft:torch":7,"minecraft:gravel":1,"minecraft:spruce_log":27,"minecraft:arrow":6,"minecraft:rotten_flesh":6,"minecraft:coal":35,"minecraft:snowball":32,"minecraft:cobblestone":27},"minecraft:crafted":{"minecraft:cooked_beef":7,"minecraft:crafting_table":2,"minecraft:spruce_planks":92,"minecraft:wooden_pickaxe":1,"minecraft:furnace":1,"minecraft:stone_axe":1,"minecraft:shield":2,"minecraft:stick":12,"minecraft:stone_pickaxe":1,"minecraft:stone_sword":1,"minecraft:torch":12,"minecraft:smoker":1},"minecraft:killed":{"minecraft:cat":1,"minecraft:iron_golem":1,"minecraft:creeper":2,"minecraft:polar_bear":1,"minecraft:skeleton":4,"minecraft:zombie":3,"minecraft:cow":4},"minecraft:custom":{"minecraft:interact_with_furnace":4,"minecraft:mob_kills":16,"minecraft:interact_with_crafting_table":9,"minecraft:bell_ring":1,"minecraft:leave_game":1,"minecraft:time_since_death":30248,"minecraft:sleep_in_bed":4,"minecraft:time_since_rest":9968,"minecraft:sprint_one_cm":107264,"minecraft:damage_taken":353,"minecraft:walk_one_cm":136238,"minecraft:damage_blocked_by_shield":184,"minecraft:drop":10,"minecraft:damage_dealt":3569,"minecraft:swim_one_cm":1096,"minecraft:talked_to_villager":1,"minecraft:fly_one_cm":99734,"minecraft:open_chest":1,"minecraft:crouch_one_cm":2769,"minecraft:play_time":30248,"minecraft:sneak_time":1158,"minecraft:walk_under_water_one_cm":2492,"minecraft:jump":584,"minecraft:interact_with_brewingstand":2,"minecraft:walk_on_water_one_cm":12593,"minecraft:total_world_time":30248,"minecraft:interact_with_smoker":4,"minecraft:fall_one_cm":9713}},"DataVersion":3955}