{"stats":{"minecraft:picked_up":{"minecraft:crafting_table":8,"minecraft:chicken":3,"minecraft:brewing_stand":1,"minecraft:string":3,"minecraft:red_bed":9,"minecraft:white_carpet":1,"minecraft:cobbled_deepslate":38,"minecraft:beef":41,"minecraft:rose_bush":2,"minecraft:poppy":2,"minecraft:sugar_cane":78,"minecraft:egg":2,"minecraft:furnace":5,"minecraft:raw_iron":128,"minecraft:torch":29,"minecraft:porkchop":11,"minecraft:redstone":40,"minecraft:arrow":7,"minecraft:rotten_flesh":15,"minecraft:mutton":11,"minecraft:cobblestone":113,"minecraft:snowball":32,"minecraft:white_wool":7,"minecraft:feather":6,"minecraft:glow_ink_sac":3,"minecraft:andesite":4,"minecraft:leather":21,"minecraft:smoker":3,"minecraft:flint":1,"minecraft:gunpowder":6,"minecraft:lapis_lazuli":9,"minecraft:dirt":20,"minecraft:bone":9,"minecraft:wheat_seeds":2,"minecraft:raw_gold":22,"minecraft:iron_ingot":4,"minecraft:iron_sword":1,"minecraft:sweet_berries":25,"minecraft:dandelion":1,"minecraft:gravel":12,"minecraft:blast_furnace":1,"minecraft:spruce_log":27,"minecraft:spruce_boat":4,"minecraft:oak_sapling":2,"minecraft:coal":153,"minecraft:black_wool":2},"minecraft:used":{"minecraft:rose_bush":1,"minecraft:stone_sword":132,"minecraft:flint_and_steel":1,"minecraft:shield":12,"minecraft:iron_sword":18,"minecraft:cooked_chicken":1,"minecraft:rotten_flesh":10,"minecraft:torch":116,"minecraft:brewing_stand":1,"minecraft:dirt":19,"minecraft:salmon_bucket":4,"minecraft:snowball":32,"minecraft:spruce_boat":4,"minecraft:lava_bucket":13,"minecraft:sweet_berries":25,"minecraft:furnace":4,"minecraft:egg":2,"minecraft:cooked_beef":11,"minecraft:cobbled_deepslate":1,"minecraft:water_bucket":5,"minecraft:stone_pickaxe":95,"minecraft:wooden_pickaxe":20,"minecraft:white_wool":1,"minecraft:crafting_table":10,"minecraft:red_bed":8,"minecraft:blast_furnace":1,"minecraft:smoker":3,"minecraft:chicken":1,"minecraft:iron_pickaxe":473,"minecraft:gravel":12,"minecraft:stone_axe":50,"minecraft:cobblestone":58,"minecraft:bucket":23,"minecraft:andesite":1},"minecraft:custom":{"minecraft:mob_kills":64,"minecraft:interact_with_crafting_table":26,"minecraft:bell_ring":1,"minecraft:leave_game":4,"minecraft:time_since_death":128099,"minecraft:sprint_one_cm":396374,"minecraft:walk_one_cm":426049,"minecraft:damage_blocked_by_shield":387,"minecraft:drop":35,"minecraft:talked_to_villager":14,"minecraft:play_time":128099,"minecraft:sneak_time":4468,"minecraft:walk_under_water_one_cm":10999,"minecraft:boat_one_cm":98110,"minecraft:jump":2390,"minecraft:interact_with_brewingstand":2,"minecraft:interact_with_blast_furnace":10,"minecraft:walk_on_water_one_cm":47803,"minecraft:total_world_time":128099,"minecraft:interact_with_furnace":24,"minecraft:sleep_in_bed":11,"minecraft:time_since_rest":18639,"minecraft:damage_taken":769,"minecraft:damage_dealt":9265,"minecraft:swim_one_cm":52021,"minecraft:fly_one_cm":422249,"minecraft:open_chest":4,"minecraft:crouch_one_cm":10507,"minecraft:interact_with_smoker":27,"minecraft:fall_one_cm":38957},"minecraft:mined":{"minecraft:brewing_stand":1,"minecraft:granite":1,"minecraft:grass_block":6,"minecraft:spruce_leaves":12,"minecraft:large_fern":2,"minecraft:redstone_ore":3,"minecraft:furnace":5,"minecraft:iron_ore":72,"minecraft:fire":2,"minecraft:andesite":4,"minecraft:deepslate_iron_ore":32,"minecraft:packed_ice":184,"minecraft:stone":101,"minecraft:white_wool":1,"minecraft:deepslate_redstone_ore":6,"minecraft:red_bed":9,"minecraft:smoker":3,"minecraft:dandelion":1,"minecraft:crafting_table":9,"minecraft:torch":17,"minecraft:short_grass":22,"minecraft:blast_furnace":1,"minecraft:rose_bush":1,"minecraft:cobblestone":3,"minecraft:lapis_ore":2,"minecraft:deepslate_gold_ore":3,"minecraft:sugar_cane":24,"minecraft:wall_torch":6,"minecraft:white_carpet":1,"minecraft:spruce_log":27,"minecraft:coal_ore":129,"minecraft:gravel":6,"minecraft:dirt":13,"minecraft:smooth_basalt":1,"minecraft:gold_ore":19,"minecraft:oak_leaves":2,"minecraft:deepslate":6},"minecraft:crafted":{"minecraft:smooth_stone":3,"minecraft:cooked_chicken":2,"minecraft:furnace":1,"minecraft:blast_furnace":1,"minecraft:stone":3,"minecraft:cooked_mutton":11,"minecraft:flint_and_steel":1,"minecraft:iron_boots":1,"minecraft:stone_pickaxe":1,"minecraft:spruce_boat":1,"minecraft:smoker":1,"minecraft:cooked_beef":39,"minecraft:cooked_porkchop":11,"minecraft:crafting_table":3,"minecraft:spruce_planks":120,"minecraft:wooden_pickaxe":1,"minecraft:iron_helmet":1,"minecraft:iron_sword":1,"minecraft:bucket":1,"minecraft:stone_axe":1,"minecraft:air":0,"minecraft:blue_dye":1,"minecraft:iron_chestplate":1,"minecraft:yellow_dye":1,"minecraft:shield":2,"minecraft:stick":36,"minecraft:iron_ingot":55,"minecraft:iron_pickaxe":2,"minecraft:stone_sword":1,"minecraft:iron_leggings":1,"minecraft:torch":88},"minecraft:dropped":{"minecraft:iron_ingot":1,"minecraft:iron_sword":1,"minecraft:wheat_seeds":2,"minecraft:cooked_beef":7,"minecraft:feather":6,"minecraft:stick":2,"minecraft:dirt":1,"minecraft:torch":1,"minecraft:rose_bush":1,"minecraft:white_carpet":1,"minecraft:rotten_flesh":3,"minecraft:poppy":2,"minecraft:shield":1,"minecraft:spruce_planks":1,"minecraft:andesite":3,"minecraft:oak_sapling":2,"minecraft:wooden_pickaxe":1,"minecraft:stone_pickaxe":1,"minecraft:black_wool":2},"minecraft:broken":{"minecraft:stone_sword":1,"minecraft:iron_pickaxe":1},"minecraft:killed":{"minecraft:spider":2,"minecraft:skeleton":6,"minecraft:chicken":3,"minecraft:cat":1,"minecraft:pig":5,"minecraft:iron_golem":1,"minecraft:creeper":4,"minecraft:polar_bear":1,"minecraft:sheep":3,"minecraft:zombie":10,"minecraft:cow":20}},"DataVersion":3955}