{"stats":{"minecraft:dropped":{"minecraft:wheat_seeds":2,"minecraft:stick":2,"minecraft:poppy":2,"minecraft:shield":1,"minecraft:andesite":2,"minecraft:wooden_pickaxe":1},"minecraft:used":{"minecraft:stone_sword":64,"minecraft:stone_pickaxe":95,"minecraft:wooden_pickaxe":20,"minecraft:shield":7,"minecraft:rotten_flesh":4,"minecraft:torch":33,"minecraft:brewing_stand":1,"minecraft:dirt":17,"minecraft:crafting_table":5,"minecraft:red_bed":1,"minecraft:snowball":32,"minecraft:smoker":1,"minecraft:iron_pickaxe":6,"minecraft:gravel":2,"minecraft:stone_axe":36,"minecraft:cobblestone":14,"minecraft:furnace":2,"minecraft:andesite":1,"minecraft:cooked_beef":6,"minecraft:cobbled_deepslate":1},"minecraft:crafted":{"minecraft:cooked_beef":7,"minecraft:crafting_table":2,"minecraft:spruce_planks":92,"minecraft:iron_helmet":1,"minecraft:wooden_pickaxe":1,"minecraft:furnace":1,"minecraft:stone_axe":1,"minecraft:air":0,"minecraft:iron_boots":1,"minecraft:iron_chestplate":1,"minecraft:shield":2,"minecraft:stick":20,"minecraft:iron_ingot":27,"minecraft:iron_pickaxe":1,"minecraft:stone_pickaxe":1,"minecraft:stone_sword":1,"minecraft:iron_leggings":1,"minecraft:torch":28,"minecraft:smoker":1},"minecraft:killed":{"minecraft:cat":1,"minecraft:iron_golem":1,"minecraft:creeper":3,"minecraft:polar_bear":1,"minecraft:skeleton":4,"minecraft:zombie":7,"minecraft:cow":4},"minecraft:mined":{"minecraft:red_bed":2,"minecraft:smoker":1,"minecraft:brewing_stand":1,"minecraft:crafting_table":4,"minecraft:torch":9,"minecraft:short_grass":22,"minecraft:grass_block":4,"minecraft:spruce_leaves":7,"minecraft:sugar_cane":3,"minecraft:wall_torch":2,"minecraft:furnace":3,"minecraft:iron_ore":28,"minecraft:spruce_log":27,"minecraft:andesite":4,"minecraft:coal_ore":35,"minecraft:deepslate_iron_ore":5,"minecraft:gravel":2,"minecraft:dirt":12,"minecraft:stone":25,"minecraft:gold_ore":5,"minecraft:deepslate":1},"minecraft:picked_up":{"minecraft:crafting_table":4,"minecraft:andesite":4,"minecraft:leather":4,"minecraft:smoker":1,"minecraft:brewing_stand":1,"minecraft:gunpowder":3,"minecraft:red_bed":2,"minecraft:dirt":17,"minecraft:string":3,"minecraft:bone":9,"minecraft:wheat_seeds":2,"minecraft:raw_gold":5,"minecraft:cobbled_deepslate":1,"minecraft:beef":7,"minecraft:iron_ingot":3,"minecraft:poppy":2,"minecraft:sugar_cane":13,"minecraft:furnace":3,"minecraft:raw_iron":33,"minecraft:torch":12,"minecraft:gravel":2,"minecraft:spruce_log":27,"minecraft:arrow":6,"minecraft:rotten_flesh":10,"minecraft:coal":59,"minecraft:snowball":32,"minecraft:cobblestone":31},"minecraft:custom":{"minecraft:interact_with_furnace":12,"minecraft:mob_kills":21,"minecraft:interact_with_crafting_table":11,"minecraft:bell_ring":1,"minecraft:leave_game":1,"minecraft:time_since_death":36020,"minecraft:sleep_in_bed":4,"minecraft:time_since_rest":15740,"minecraft:sprint_one_cm":111983,"minecraft:damage_taken":477,"minecraft:walk_one_cm":151457,"minecraft:damage_blocked_by_shield":242,"minecraft:drop":10,"minecraft:damage_dealt":4573,"minecraft:swim_one_cm":1096,"minecraft:talked_to_villager":1,"minecraft:fly_one_cm":106103,"minecraft:open_chest":1,"minecraft:crouch_one_cm":3598,"minecraft:play_time":36020,"minecraft:sneak_time":1480,"minecraft:walk_under_water_one_cm":2883,"minecraft:jump":690,"minecraft:interact_with_brewingstand":2,"minecraft:walk_on_water_one_cm":20083,"minecraft:interact_with_smoker":4,"minecraft:total_world_time":36020,"minecraft:fall_one_cm":10944}},"DataVersion":3955}