{"stats":{"minecraft:dropped":{"minecraft:wheat_seeds":2,"minecraft:stick":2,"minecraft:poppy":2,"minecraft:shield":1,"minecraft:andesite":2,"minecraft:wooden_pickaxe":1},"minecraft:used":{"minecraft:stone_sword":68,"minecraft:stone_pickaxe":95,"minecraft:wooden_pickaxe":20,"minecraft:shield":7,"minecraft:rotten_flesh":8,"minecraft:torch":60,"minecraft:brewing_stand":1,"minecraft:dirt":17,"minecraft:crafting_table":5,"minecraft:red_bed":2,"minecraft:snowball":32,"minecraft:smoker":1,"minecraft:iron_pickaxe":64,"minecraft:gravel":2,"minecraft:stone_axe":37,"minecraft:cobblestone":23,"minecraft:furnace":2,"minecraft:andesite":1,"minecraft:cooked_beef":6,"minecraft:cobbled_deepslate":1},"minecraft:crafted":{"minecraft:cooked_beef":7,"minecraft:crafting_table":2,"minecraft:spruce_planks":92,"minecraft:iron_helmet":1,"minecraft:wooden_pickaxe":1,"minecraft:furnace":1,"minecraft:stone_axe":1,"minecraft:air":0,"minecraft:iron_boots":1,"minecraft:iron_chestplate":1,"minecraft:shield":2,"minecraft:stick":28,"minecraft:iron_ingot":27,"minecraft:iron_pickaxe":1,"minecraft:stone_pickaxe":1,"minecraft:stone_sword":1,"minecraft:iron_leggings":1,"minecraft:torch":68,"minecraft:smoker":1},"minecraft:killed":{"minecraft:cat":1,"minecraft:iron_golem":1,"minecraft:creeper":3,"minecraft:polar_bear":1,"minecraft:skeleton":4,"minecraft:zombie":8,"minecraft:cow":4},"minecraft:mined":{"minecraft:deepslate_redstone_ore":6,"minecraft:red_bed":3,"minecraft:smoker":1,"minecraft:brewing_stand":1,"minecraft:crafting_table":4,"minecraft:torch":10,"minecraft:short_grass":22,"minecraft:grass_block":4,"minecraft:lapis_ore":2,"minecraft:spruce_leaves":7,"minecraft:deepslate_gold_ore":3,"minecraft:sugar_cane":3,"minecraft:wall_torch":2,"minecraft:furnace":3,"minecraft:iron_ore":32,"minecraft:spruce_log":27,"minecraft:andesite":4,"minecraft:coal_ore":43,"minecraft:deepslate_iron_ore":23,"minecraft:gravel":2,"minecraft:dirt":12,"minecraft:stone":33,"minecraft:gold_ore":9,"minecraft:deepslate":6},"minecraft:picked_up":{"minecraft:crafting_table":4,"minecraft:glow_ink_sac":3,"minecraft:andesite":4,"minecraft:leather":4,"minecraft:smoker":1,"minecraft:brewing_stand":1,"minecraft:gunpowder":3,"minecraft:lapis_lazuli":9,"minecraft:red_bed":3,"minecraft:dirt":17,"minecraft:string":3,"minecraft:bone":9,"minecraft:wheat_seeds":2,"minecraft:raw_gold":12,"minecraft:cobbled_deepslate":38,"minecraft:beef":7,"minecraft:iron_ingot":3,"minecraft:poppy":2,"minecraft:sugar_cane":13,"minecraft:furnace":3,"minecraft:raw_iron":55,"minecraft:torch":13,"minecraft:gravel":2,"minecraft:spruce_log":27,"minecraft:redstone":26,"minecraft:arrow":6,"minecraft:rotten_flesh":12,"minecraft:coal":67,"minecraft:snowball":32,"minecraft:cobblestone":41},"minecraft:custom":{"minecraft:interact_with_furnace":12,"minecraft:mob_kills":22,"minecraft:interact_with_crafting_table":11,"minecraft:bell_ring":1,"minecraft:leave_game":1,"minecraft:time_since_death":48020,"minecraft:sleep_in_bed":5,"minecraft:time_since_rest":7486,"minecraft:sprint_one_cm":136401,"minecraft:damage_taken":518,"minecraft:walk_one_cm":182736,"minecraft:damage_blocked_by_shield":242,"minecraft:drop":10,"minecraft:damage_dealt":4773,"minecraft:swim_one_cm":13152,"minecraft:talked_to_villager":1,"minecraft:fly_one_cm":124864,"minecraft:open_chest":1,"minecraft:crouch_one_cm":5806,"minecraft:play_time":48020,"minecraft:sneak_time":2333,"minecraft:walk_under_water_one_cm":5875,"minecraft:jump":954,"minecraft:interact_with_brewingstand":2,"minecraft:walk_on_water_one_cm":34114,"minecraft:interact_with_smoker":4,"minecraft:total_world_time":48020,"minecraft:fall_one_cm":13766}},"DataVersion":3955}